path,guid,size_bytes,category,confidence,note
Assets/StreamingAssets/Videos/ValueCourier3.mp4,cc94c0083cf01447d826e055dd43d10a,185134986,protected,excluded,StreamingAssets/Resources (loaded by path)
Assets/StreamingAssets/Videos/VC_Online_Intro_Vid.mp4,8aa0360e48d4e4b4ab304cd8d4485d4a,110194628,protected,excluded,StreamingAssets/Resources (loaded by path)
Assets/Video/VC_Online_Intro_Vid.mov,69edf70661ec64c21845620c8ad8acc0,110152085,orphan,high,not referenced by any scene
Assets/Town Constructor 3/Scenes/DemoSceneLightSetting3.unity,09f25dfdfde37364388a302888402d81,28008786,thirdparty_orphan,high,third-party pack file; deleting partial packs may break the pack
Assets/Scenes/RouteSimulation.unity,c2c48f6d5b7f7406f93d27de13372820,22700791,review_nonbuild_scene,review,used only by a non-build scene (MainGame/RouteSimulation/controller)
Assets/Residential Buildings Pack/Source/Textures/Terrain/Grass_Albedo.tif,e81bd88777c51f54ab348cbafe13c4e5,14234256,thirdparty_orphan,high,third-party pack file; deleting partial packs may break the pack
Assets/Residential Buildings Pack/Demo/Demo/Lightmap-0_comp_light.exr,f8422d971a4e0364eaa34c321b21e6de,13627519,thirdparty_orphan,high,third-party pack file; deleting partial packs may break the pack
Assets/Residential Buildings Pack/Source/Textures/Road_normal.png,98229d9288e54524e9e8e5916d703646,11285255,thirdparty_orphan,high,third-party pack file; deleting partial packs may break the pack
Assets/Residential Buildings Pack/Source/Textures/FX/T_TarmacCracks_N.png,a0060ce19feece14e8ceb32d71a6b991,11278057,thirdparty_orphan,high,third-party pack file; deleting partial packs may break the pack
Assets/Residential Buildings Pack/Demo/Demo/Lightmap-1_comp_light.exr,3177fafa4b8eb0b48afdc7d8274b0c92,10148957,thirdparty_orphan,high,third-party pack file; deleting partial packs may break the pack
Assets/Residential Buildings Pack/Demo/Demo_Night/Lightmap-2_comp_light.exr,bfebdd42230834a4591236426d41621c,9792196,thirdparty_orphan,high,third-party pack file; deleting partial packs may break the pack
Assets/Residential Buildings Pack/Demo/Demo_Night/Lightmap-1_comp_light.exr,9cad54f619756844596ab8ae06064fa4,9766426,thirdparty_orphan,high,third-party pack file; deleting partial packs may break the pack
Assets/Residential Buildings Pack/Demo/Demo_Night/Lightmap-4_comp_light.exr,04ecc8d2ea5415f4d9c1387f227fa506,9561633,thirdparty_orphan,high,third-party pack file; deleting partial packs may break the pack
Assets/Residential Buildings Pack/Source/Textures/Terrain/Grass_NRM.png,dc73acb946d0a684bb2f727a45717160,9559044,thirdparty_orphan,high,third-party pack file; deleting partial packs may break the pack
Assets/Residential Buildings Pack/Demo/Demo_Night/Lightmap-3_comp_light.exr,057979daae6c3a24caf11d707539eaa7,9481440,thirdparty_orphan,high,third-party pack file; deleting partial packs may break the pack
Assets/Residential Buildings Pack/Demo/Demo_Night/Lightmap-5_comp_light.exr,61e29b9612cdb8f42a51634d22f157d4,9019397,thirdparty_orphan,high,third-party pack file; deleting partial packs may break the pack
Assets/Residential Buildings Pack/Demo/Demo_Night/Lightmap-6_comp_light.exr,bce0d64467ac9114197013f0a7d48d6a,8662844,thirdparty_orphan,high,third-party pack file; deleting partial packs may break the pack
Assets/Residential Buildings Pack/Demo/Demo_Night/Lightmap-0_comp_light.exr,1d10c58c95bda4543bf98002fc1e79ae,8451820,thirdparty_orphan,high,third-party pack file; deleting partial packs may break the pack
Assets/Residential Buildings Pack/Source/Textures/Road_albedo.png,5f24049a78c76274c9da5249e8d4432b,7902393,thirdparty_orphan,high,third-party pack file; deleting partial packs may break the pack
Assets/Residential Buildings Pack/Source/Textures/Road_metallic.png,4b871dbbacc5cfe40a669084a757e7bf,6450604,thirdparty_orphan,high,third-party pack file; deleting partial packs may break the pack
Assets/Residential Buildings Pack/Demo/Demo_Night/Lightmap-7_comp_light.exr,2dc489d634b74d743adb7b792ca5e083,6402102,thirdparty_orphan,high,third-party pack file; deleting partial packs may break the pack
Assets/KrisDevelopment/EasyRoadsMeshGen_CS/Example/ExampleResources/ERMG_Rails_ExampleResources/TC_PlainRust1B_1024_albedo.tif,5d904886986fc104d8ba49c8bfe83d5d,6291772,thirdparty_orphan,high,third-party pack file; deleting partial packs may break the pack
Assets/KrisDevelopment/EasyRoadsMeshGen_CS/Example/ExampleResources/ERMG_Rails_ExampleResources/TC_PlainRust1B_1024_normal.tif,785b517dac4f012469b5b60497a5a577,6291772,thirdparty_orphan,high,third-party pack file; deleting partial packs may break the pack
Assets/ModularProceduralBuildings/Textures/building2-base_normal.png,05b7f0670887b25e4a157d67c3cd1e03,5230158,thirdparty_orphan,high,third-party pack file; deleting partial packs may break the pack
Assets/ModularProceduralBuildings/Textures/base1-extras_roughness.png,92959e107cbdb657cba0742f0b88aad0,5201503,thirdparty_orphan,high,third-party pack file; deleting partial packs may break the pack
Assets/ModularProceduralBuildings/Textures/building2-top_normal.png,3e0ae601d73f67e238207d09a847ef5e,4778822,thirdparty_orphan,high,third-party pack file; deleting partial packs may break the pack
Assets/ModularProceduralBuildings/Textures/water-tank1_normal.png,91d2c6776f0548e50b13e95f1b569894,4752709,thirdparty_orphan,high,third-party pack file; deleting partial packs may break the pack
Assets/Residential Buildings Pack/Demo/Demo/Lightmap-0_comp_dir.png,901d063770714ba4c9df59cef573b31c,4503297,thirdparty_orphan,high,third-party pack file; deleting partial packs may break the pack
Assets/ModularProceduralBuildings/Textures/building6-structure_roughness.png,8c3c695398116e951835229f6b54b31b,4304346,thirdparty_orphan,high,third-party pack file; deleting partial packs may break the pack
Assets/KrisDevelopment/EasyRoadsMeshGen_CS/Scripts/Extensions/ArrayExampleResources/road_guard_rails/road_ramp_base.png,6519ca8f1087f1e42b99c79617210f66,4233587,thirdparty_orphan,high,third-party pack file; deleting partial packs may break the pack
Assets/Residential Buildings Pack/Demo/Demo_Night/Lightmap-8_comp_light.exr,22431cafa1a0d8d4cb5a4669dde5e885,4193441,thirdparty_orphan,high,third-party pack file; deleting partial packs may break the pack
Assets/Routes/tsp_path_25_15_all.txt,c2efb62995aa94502ad89e6171eb5290,3909709,orphan,high,not referenced by any scene
Assets/ModularProceduralBuildings/Textures/water-tank1_color.png,5242735adade11fb3aa5a6439d2b2994,3802374,thirdparty_orphan,high,third-party pack file; deleting partial packs may break the pack
Assets/ModularProceduralBuildings/Textures/building2-base_color.png,a67b3eb2660b91de8943e23dba608794,3792666,thirdparty_orphan,high,third-party pack file; deleting partial packs may break the pack
Assets/ModularProceduralBuildings/Textures/building2-top_color.png,0dfe873d6dd1b0e929c7a6db90e8241d,3598283,thirdparty_orphan,high,third-party pack file; deleting partial packs may break the pack
Assets/ModularProceduralBuildings/Textures/building8_roughness.png,c0030f073f8d5dbbb92633b43371f231,3524845,thirdparty_orphan,high,third-party pack file; deleting partial packs may break the pack
Assets/ModularProceduralBuildings/Textures/building8-base_roughness.png,1ebb5a97ffe8a03dd850e5693e2161c5,3288761,thirdparty_orphan,high,third-party pack file; deleting partial packs may break the pack
Assets/Residential Buildings Pack/Source/Textures/Trashcans_Metallic.tif,659c817fff4e28c45aead0b48027200c,3222948,thirdparty_orphan,high,third-party pack file; deleting partial packs may break the pack
Assets/Residential Buildings Pack/Source/Textures/Props_Metallic.tif,f778ac4df7ded9e49925269810d1ceae,3144948,thirdparty_orphan,high,third-party pack file; deleting partial packs may break the pack
Assets/Residential Buildings Pack/Source/Textures/Props_Albedo.png,63df7c87f5caeb74592b3b9b4fa4fd86,3115529,thirdparty_orphan,high,third-party pack file; deleting partial packs may break the pack
Assets/Images/ground.tga,034828aacbe534a30be11ec22e2f6fcd,3097054,orphan,high,not referenced by any scene
Assets/Residential Buildings Pack/Demo/Demo/Lightmap-1_comp_dir.png,aa7a763f6e0a4394caa4e54f20c40927,3087315,thirdparty_orphan,high,third-party pack file; deleting partial packs may break the pack
Assets/Residential Buildings Pack/Demo/Demo_Night/Lightmap-2_comp_dir.png,94c46dc0b55a7654f8992ca05749e302,2904484,thirdparty_orphan,high,third-party pack file; deleting partial packs may break the pack
Assets/Residential Buildings Pack/Source/Textures/Trashcans_Albedo.tif,1b59e01ff2e85cf4196ddbd1d8a0f4c0,2904328,thirdparty_orphan,high,third-party pack file; deleting partial packs may break the pack
Assets/Residential Buildings Pack/Demo/Demo_Night/Lightmap-1_comp_dir.png,56e45e830189aba47bd521b70df40e9c,2881098,thirdparty_orphan,high,third-party pack file; deleting partial packs may break the pack
Assets/Residential Buildings Pack/Source/Textures/Terrain/Rocks_Albedo.png,b5d7930cc094da144ac0333598f9396b,2841749,thirdparty_orphan,high,third-party pack file; deleting partial packs may break the pack
Assets/Residential Buildings Pack/Demo/Demo_Night/Lightmap-4_comp_dir.png,4b038fc31299877498184f760bd2dde0,2746351,thirdparty_orphan,high,third-party pack file; deleting partial packs may break the pack
Assets/Residential Buildings Pack/Demo/Demo_Night/Lightmap-3_comp_dir.png,efc58614edc99e64f90a7c9ebb5f0005,2683222,thirdparty_orphan,high,third-party pack file; deleting partial packs may break the pack
Assets/Residential Buildings Pack/Source/Textures/Road_Side_Albedo.png,3768f238b01800a428939c4d4e623b57,2626730,thirdparty_orphan,high,third-party pack file; deleting partial packs may break the pack
Assets/ModularProceduralBuildings/Textures/water-tank1_roughness.png,c7d8b9f599564e324a7c7f726ca81552,2565535,thirdparty_orphan,high,third-party pack file; deleting partial packs may break the pack
Assets/KrisDevelopment/EasyRoadsMeshGen_CS/Scripts/Extensions/ArrayExampleResources/road_guard_rails/road_ramp_spec.png,504a1ec166f2e0f409e9519d411b28a7,2548693,thirdparty_orphan,high,third-party pack file; deleting partial packs may break the pack
Assets/Residential Buildings Pack/Source/Textures/Road_Side_NRM.png,02f9d6eb11e25074ab022ba2357d45d1,2528412,thirdparty_orphan,high,third-party pack file; deleting partial packs may break the pack
Assets/ModularProceduralBuildings/Textures/building2-base_roughness.png,b84f93d34d468638caf5eff439a60c17,2518066,thirdparty_orphan,high,third-party pack file; deleting partial packs may break the pack
Assets/Residential Buildings Pack/Demo/Demo_Night/Lightmap-5_comp_dir.png,c7a00256d9e25c04aa1ec5f0b5107ecc,2504644,thirdparty_orphan,high,third-party pack file; deleting partial packs may break the pack
Assets/Residential Buildings Pack/Source/Textures/Mailboxes2_Albedo.png,95f8a237e5b198b42bbffd0a6b3b75b5,2482702,thirdparty_orphan,high,third-party pack file; deleting partial packs may break the pack
Assets/InputManager/Examples/Common/Terrain/example_terrain_2.asset,d6acbb0efc59384419ae9cc147254d11,2472316,thirdparty_orphan,high,third-party pack file; deleting partial packs may break the pack
Assets/InputManager/Examples/Common/Terrain/example_terrain.asset,49c58fd8b6d3c0a4989b3f2bb358959b,2472312,thirdparty_orphan,high,third-party pack file; deleting partial packs may break the pack
Assets/ModularProceduralBuildings/Textures/water-tank2_roughness.png,0472a33dc7f2479bfb68b75a879a5846,2469392,thirdparty_orphan,high,third-party pack file; deleting partial packs may break the pack
Assets/Residential Buildings Pack/Source/Textures/Mailboxes_NRM.png,283908dbede83b3468b1c48bbf150114,2451099,thirdparty_orphan,high,third-party pack file; deleting partial packs may break the pack
Assets/Residential Buildings Pack/Demo/Demo_Night/Lightmap-6_comp_dir.png,6871dcb567f975f40bb88fe72cf4fc47,2435661,thirdparty_orphan,high,third-party pack file; deleting partial packs may break the pack
Assets/ModularProceduralBuildings/Textures/building2-top_roughness.png,e69b2f0861f56891fb78f613c7ff3272,2425667,thirdparty_orphan,high,third-party pack file; deleting partial packs may break the pack
Assets/Residential Buildings Pack/Demo/Demo_Night/Lightmap-0_comp_dir.png,659bfcca7aa43a24b8f13ee57173b7ea,2397119,thirdparty_orphan,high,third-party pack file; deleting partial packs may break the pack
Assets/ModularProceduralBuildings/Textures/base1_roughness.png,6cd61abe10037c9e19c924f05dfcbf9b,2291558,thirdparty_orphan,high,third-party pack file; deleting partial packs may break the pack
Assets/Residential Buildings Pack/Source/Textures/Terrain/Gravel_Albedo.tif,60c37116629ec4749aec9fa92078be34,2261252,thirdparty_orphan,high,third-party pack file; deleting partial packs may break the pack
Assets/Residential Buildings Pack/Source/Textures/Terrain/Rocks_NRM.png,8116bb24530deda459c2067a7a9c6998,2222932,thirdparty_orphan,high,third-party pack file; deleting partial packs may break the pack
Assets/Plugins/Accord.Math.dll,b40c3816d2319344aab7f4e388d4e306,2220032,orphan,high,not referenced by any scene
Assets/Tools/TerrainRotator/DEMO/Scenes/DemoTerrain001.asset,23fed0b9447bcab4fb0f50acea4b2c86,2212796,orphan,high,not referenced by any scene
Assets/Residential Buildings Pack/Source/Textures/Glass_Albedo.png,83cdb4c1cee76d34798959fe7a283f94,1984665,thirdparty_orphan,high,third-party pack file; deleting partial packs may break the pack
Assets/KrisDevelopment/EasyRoadsMeshGen_CS/Example/ExampleResources/ER_ExampleScene_Terrain_2018.asset,2b5b11c687e8fe54c8e8f6ef8d7b0f00,1980980,thirdparty_orphan,high,third-party pack file; deleting partial packs may break the pack
Assets/Residential Buildings Pack/Source/Textures/Terrain/Gravel_NRM.png,0152d321029e74b48820ec5c6a5a1382,1935604,thirdparty_orphan,high,third-party pack file; deleting partial packs may break the pack
Assets/Residential Buildings Pack/Demo/Demo/Lightmap-0_comp_shadowmask.png,15d39bc7f5234c248ae8f9dea5fd67f4,1915683,thirdparty_orphan,high,third-party pack file; deleting partial packs may break the pack
Assets/ModularProceduralBuildings/Prefabs/example-buildings/building4.prefab,fa318f956aedc46a9bbb788f0e583e3b,1877079,thirdparty_orphan,high,third-party pack file; deleting partial packs may break the pack
Assets/ModularProceduralBuildings/Textures/buildings-top_roughness.png,6a7fa92055b51432d92b52e9d6cb86ce,1872135,thirdparty_orphan,high,third-party pack file; deleting partial packs may break the pack
Assets/Residential Buildings Pack/Demo/Demo_Night/Lightmap-7_comp_dir.png,186d7d955f80650429d6e94c3c684b50,1855097,thirdparty_orphan,high,third-party pack file; deleting partial packs may break the pack
Assets/Residential Buildings Pack/Source/Textures/Plants_Albedo.tif,fbd5f1132466f4842ae71f480deb7e59,1831588,thirdparty_orphan,high,third-party pack file; deleting partial packs may break the pack
Assets/Tools/TerrainRotator/DEMO/Terrain Assets/Trees Ambient-Occlusion/Textures/ScotsPinebranches.psd,a3f12a31bd1113061100b7a844295342,1806948,orphan,high,not referenced by any scene
Assets/KrisDevelopment/EasyRoadsMeshGen_CS/Instructions.docx,b8b69c06bd077144baa917f5458cca43,1793027,thirdparty_orphan,high,third-party pack file; deleting partial packs may break the pack
Assets/ModularProceduralBuildings/Textures/water-tank1_metallic.png,987e5df40b234588d83bf26d3d975679,1749912,thirdparty_orphan,high,third-party pack file; deleting partial packs may break the pack
Assets/Residential Buildings Pack/Demo/Demo_Night.unity,227de0af699303f419de101c3f5df44a,1734810,thirdparty_orphan,high,third-party pack file; deleting partial packs may break the pack
Assets/Residential Buildings Pack/Source/Textures/Trashcans_NRM.png,5f70de637f576994bb8559f8a0dcae8a,1717361,thirdparty_orphan,high,third-party pack file; deleting partial packs may break the pack
Assets/Residential Buildings Pack/Demo/Demo.unity,f03a4386dc0f74c439e13cb705f1eacb,1677204,thirdparty_orphan,high,third-party pack file; deleting partial packs may break the pack
Assets/Tools/TerrainRotator/DEMO/Terrain Assets/Trees Ambient-Occlusion/Textures/ScotsPineTrunk.psd,c9f636a2b314ed36c25fd64b70184ce4,1636367,orphan,high,not referenced by any scene
Assets/Residential Buildings Pack/Source/Textures/Lightpost_metallic.tif,d3c78519de174af4095db65f61578581,1629452,thirdparty_orphan,high,third-party pack file; deleting partial packs may break the pack
Assets/Residential Buildings Pack/Source/Textures/Mailboxes2_Metallic.tif,8336159bb7e43b644be0804c0c851ddd,1606004,thirdparty_orphan,high,third-party pack file; deleting partial packs may break the pack
Assets/Residential Buildings Pack/Source/Textures/Terrain/Darkmud_NRM.png,fae8eecdf35484445b56d43ef9648a28,1572800,thirdparty_orphan,high,third-party pack file; deleting partial packs may break the pack
Assets/KrisDevelopment/EasyRoadsMeshGen_CS/Example/ExampleResources/ERMG_Rails_ExampleResources/TC_PlainRust1B_1024_metallic.png,dd4401c50012f3744b70f4c5b3400ad3,1535389,thirdparty_orphan,high,third-party pack file; deleting partial packs may break the pack
Assets/Residential Buildings Pack/Source/Textures/mailboxes2AO.png,4316290ce3d2f4c49a9aa4bdd3222947,1503058,thirdparty_orphan,high,third-party pack file; deleting partial packs may break the pack
Assets/Plugins/MathNet.Numerics.dll,727bc2062f9fb4925893807092434f49,1465792,orphan,high,not referenced by any scene
Assets/Residential Buildings Pack/Source/Textures/Lightpost_albedo.png,6ced14e6be266c648b0bb5d82a1d1620,1443235,thirdparty_orphan,high,third-party pack file; deleting partial packs may break the pack
Assets/Plugins/Accord.Math.Core.dll,9a3794a5fc9888646bea734181c33868,1441792,orphan,high,not referenced by any scene
Assets/Residential Buildings Pack/Demo/Demo/Lightmap-1_comp_shadowmask.png,74195146b60f17442ba1a99c41b70c79,1427823,thirdparty_orphan,high,third-party pack file; deleting partial packs may break the pack
Assets/Residential Buildings Pack/Source/Textures/Road_Side_Metallic.tif,5150e364a01905f41b45c61cee309399,1380444,thirdparty_orphan,high,third-party pack file; deleting partial packs may break the pack
Assets/Residential Buildings Pack/Source/Textures/Terrain/Darkmud_Albedo.tif,efb3c0a5c4ebb31468c2a6af0d9ccbdd,1338280,thirdparty_orphan,high,third-party pack file; deleting partial packs may break the pack
Assets/Residential Buildings Pack/Demo/Demo/ReflectionProbe-0.exr,219a6845a15856d42ab5a98d32a0a06b,1293768,thirdparty_orphan,high,third-party pack file; deleting partial packs may break the pack
Assets/Residential Buildings Pack/Demo/Demo_Night/Lightmap-8_comp_dir.png,6851d536f4c655046a861b5af515e986,1260705,thirdparty_orphan,high,third-party pack file; deleting partial packs may break the pack
Assets/KrisDevelopment/EasyRoadsMeshGen_CS/Scripts/Extensions/ArrayExampleResources/road_guard_rails/road_ramp_nrm.png,7080d1b0bef1c5f449c0536061d73cf8,1258692,thirdparty_orphan,high,third-party pack file; deleting partial packs may break the pack
Assets/KrisDevelopment/EasyRoadsMeshGen_CS/Example/ExampleResources/crossroad/sidewalk_uv.png,53daf74634131104b8f167767a344095,1258521,thirdparty_orphan,high,third-party pack file; deleting partial packs may break the pack
Assets/Plugins/Accord.Vision.dll,6a60e50087585714f82812db77fa5498,1249280,orphan,high,not referenced by any scene
Assets/Residential Buildings Pack/Source/Textures/Plants_NRM.png,7627627901e3b544d91ad123501c2984,1246707,thirdparty_orphan,high,third-party pack file; deleting partial packs may break the pack
Assets/Images/Recap Instructions VC Online/Recap Instructions VC Online-16.png,0b159b1808f2c4c34a92343820b0987e,1178445,orphan,high,not referenced by any scene
Assets/StreamingAssets/Recap Instructions VC Online/Recap Instructions VC Online-16.png,e1da066591f64497c9735c4dfd53e1a6,1178445,protected,excluded,StreamingAssets/Resources (loaded by path)
Assets/Residential Buildings Pack/Source/Textures/Props_NRM.png,e86bff45d5089f145a1f3fb23ba19e7a,1151008,thirdparty_orphan,high,third-party pack file; deleting partial packs may break the pack
Assets/Town Constructor 3/Skyboxes/Textures/Sunny1/Sunny1_up.tif,8a98ef45bc7df804d95fd945abd2c943,1129572,thirdparty_orphan,high,third-party pack file; deleting partial packs may break the pack
Assets/Tools/TerrainRotator/DEMO/Standard Assets/Terrain Assets/Terrain Textures/Cliff (Layered Rock).psd,18214e9d6af6248559d501391856f1c7,1069654,orphan,high,not referenced by any scene
Assets/Town Constructor 3/Skyboxes/Textures/Sunny1/Sunny1_right.tif,195c271a9118d224c8562ae67cf47a66,984084,thirdparty_orphan,high,third-party pack file; deleting partial packs may break the pack
Assets/Plugins/Accord.DataSets.dll,184c8c0830e621e44b298403bbf513c7,970752,orphan,high,not referenced by any scene
Assets/Residential Buildings Pack/Source/Textures/Trashcans_AO.png,7f4c51951d03afc43a393b9b0a964789,945667,thirdparty_orphan,high,third-party pack file; deleting partial packs may break the pack
Assets/ModularProceduralBuildings/Textures/building7-top_roughness.png,e1671f07dfed2e4cfaa8466d640f43f7,941264,thirdparty_orphan,high,third-party pack file; deleting partial packs may break the pack
Assets/Town Constructor 3/Skyboxes/Textures/Sunny1/Sunny1_front.tif,2372dd1814cb4ed47a91f8174877623e,938136,thirdparty_orphan,high,third-party pack file; deleting partial packs may break the pack
Assets/ModularProceduralBuildings/Textures/building2_normal.png,1f3ab30127e433caebdb420dd6836751,934799,thirdparty_orphan,high,third-party pack file; deleting partial packs may break the pack
Assets/Town Constructor 3/Skyboxes/Textures/Sunny1/Sunny1_left.tif,66ebe4da1ef67e64e8aeccb820e409d6,917896,thirdparty_orphan,high,third-party pack file; deleting partial packs may break the pack
Assets/Plugins/Accord.Statistics.dll,e29ccf4903e53da499cf8463c515c476,897024,orphan,high,not referenced by any scene
Assets/ModularProceduralBuildings/Textures/building1_roughness.png,5862fbbfd2372d185b63b3d8ddc5f914,896030,thirdparty_orphan,high,third-party pack file; deleting partial packs may break the pack
Assets/Town Constructor 3/Skyboxes/Textures/Sunny1/Sunny1_back.tif,32ef381921b3f7f479831b042c113762,868268,thirdparty_orphan,high,third-party pack file; deleting partial packs may break the pack
Assets/KrisDevelopment/EasyRoadsMeshGen_CS/Example/ExampleResources/crossroad/sidewalk_uv nrm_gen.png,9393c6572f47bb24680e4b0d45ad9476,865832,thirdparty_orphan,high,third-party pack file; deleting partial packs may break the pack
Assets/ModularProceduralBuildings/Prefabs/example-buildings/building6.prefab,a9b88dca0630fa694b28ec27ae6cb387,865543,thirdparty_orphan,high,third-party pack file; deleting partial packs may break the pack
Assets/ModularProceduralBuildings/Textures/building7-base_roughness.png,5a57b44a7ae35fbedbe5675f76b96598,836342,thirdparty_orphan,high,third-party pack file; deleting partial packs may break the pack
Assets/KrisDevelopment/EasyRoadsMeshGen_CS/Example/ExampleResources/ERMG_Rails_ExampleResources/rails_planks_nrm.png,87178fa9d3bbfbe4f9098de1329cb9b8,835315,thirdparty_orphan,high,third-party pack file; deleting partial packs may break the pack
Assets/ModularProceduralBuildings/Textures/tree3-bark.PSD,b55b115dcada06d3582d819024ec67e0,819816,thirdparty_orphan,high,third-party pack file; deleting partial packs may break the pack
Assets/Tools/TerrainRotator/DEMO/Standard Assets/Terrain Assets/Terrain Textures/Grass&Rock.psd,440eb36db91ca410f800ff3cfe43572f,815166,orphan,high,not referenced by any scene
Assets/Tools/TerrainRotator/DEMO/Standard Assets/Terrain Assets/Terrain Textures/Grass (Hill).psd,c6e0767b1f8c34890ac245217f4b9731,814358,orphan,high,not referenced by any scene
Assets/Tools/TerrainRotator/DEMO/Standard Assets/Terrain Assets/Terrain Textures/GoodDirt.psd,bfd675cc0db1d4656b75dc6d6ba91142,808924,orphan,high,not referenced by any scene
Assets/Residential Buildings Pack/Source/Textures/Miscellaneous2_Emission.png,5a4e1d24697deb7438867ab9eda4f6eb,775377,thirdparty_orphan,high,third-party pack file; deleting partial packs may break the pack
Assets/ModularProceduralBuildings/Textures/sidewalk1_roughness.png,b45c12fa2d61f6f35bdf95a6c0f17bbe,762102,thirdparty_orphan,high,third-party pack file; deleting partial packs may break the pack
Assets/ModularProceduralBuildings/Textures/sidewalk3_roughness.png,b3245fbfcb720f6a19deb2ea37b791d8,751754,thirdparty_orphan,high,third-party pack file; deleting partial packs may break the pack
Assets/ModularProceduralBuildings/Textures/bench_roughness.png,02181ce0bd66daad2aca65286f67b1c6,732000,thirdparty_orphan,high,third-party pack file; deleting partial packs may break the pack
Assets/Residential Buildings Pack/Source/Textures/FX/TexturesCom_NoiseOverlay_overlay_S.tif,b3ddc9d1c4a3ec44fabbec69b8be68b6,717723,thirdparty_orphan,high,third-party pack file; deleting partial packs may break the pack
Assets/ModularProceduralBuildings/Prefabs/example-buildings/building1.prefab,92e266b58ce616092ac49df9e30ae103,695530,thirdparty_orphan,high,third-party pack file; deleting partial packs may break the pack
Assets/Images/Recap Instructions VC Online/Recap Instructions VC Online-14.png,7913214f4ce23445a80add9c2d9ae1c2,677842,orphan,high,not referenced by any scene
Assets/StreamingAssets/Recap Instructions VC Online/Recap Instructions VC Online-14.png,b7748e5862e874523a019316e0a47bb7,677842,protected,excluded,StreamingAssets/Resources (loaded by path)
Assets/ModularProceduralBuildings/Textures/tree3-branch.psd,abce1a484581e0c68b163d8c6a9ede27,667590,thirdparty_orphan,high,third-party pack file; deleting partial packs may break the pack
Assets/Images/Recap Instructions VC Online/Recap Instructions VC Online-15.png,f2b01c4babb9640c8aa29be218e159fb,663914,orphan,high,not referenced by any scene
Assets/StreamingAssets/Recap Instructions VC Online/Recap Instructions VC Online-15.png,2e835813308d5455095c7b5f43f95ef1,663914,protected,excluded,StreamingAssets/Resources (loaded by path)
Assets/StreamingAssets/Recap Instructions VC Online/Recap Instructions VC Online-04.png,3f4d4426495a44d3abf10573b08c8b4e,652688,protected,excluded,StreamingAssets/Resources (loaded by path)
Assets/ModularProceduralBuildings/Textures/building1-extras_roughness.png,5e5c9c833fb306c6587cbe56fe1cec2d,634721,thirdparty_orphan,high,third-party pack file; deleting partial packs may break the pack
Assets/ModularProceduralBuildings/Textures/building2_color.png,229228fc49c1e342090abb3ce814bc60,633916,thirdparty_orphan,high,third-party pack file; deleting partial packs may break the pack
Assets/KrisDevelopment/EasyRoadsMeshGen_CS/Example/ExampleResources/ERMG_Rails_ExampleResources/rails_planks.png,aa35eddad89171644ae4add6a457d9e8,621625,thirdparty_orphan,high,third-party pack file; deleting partial packs may break the pack
Assets/ModularProceduralBuildings/Textures/sidewalk4_roughness.png,99167ec32ee50e6f389cd4b9335035de,619224,thirdparty_orphan,high,third-party pack file; deleting partial packs may break the pack
Assets/KrisDevelopment/EasyRoadsMeshGen_CS/Instructions.pdf,e800807e5350c2d44b091bb58bb45215,596988,thirdparty_orphan,high,third-party pack file; deleting partial packs may break the pack
Assets/StreamingAssets/Recap Instructions VC/Recap Instructions VC-3.png,18a8bf0cd89fb47e3ac8502408882b64,589141,protected,excluded,StreamingAssets/Resources (loaded by path)
Assets/StreamingAssets/Images/Recap Instructions VC/Recap Instructions VC-3.png,0990cf4ceb2bb4ca7a68b58f971ec97b,589141,protected,excluded,StreamingAssets/Resources (loaded by path)
Assets/Residential Buildings Pack/Source/Textures/Lightpost_normal.png,c169f6f56edb8f9419e39e224e60f7ff,576068,thirdparty_orphan,high,third-party pack file; deleting partial packs may break the pack
Assets/KrisDevelopment/EasyRoadsMeshGen_CS/Example/ExampleResources/PNG/asphalt_NRM.png,1288d3418ebd0004abe5b2150ffb3ce4,575573,thirdparty_orphan,high,third-party pack file; deleting partial packs may break the pack
Assets/KrisDevelopment/EasyRoadsMeshGen_CS/Example/ExampleResources/PNG/asphalt.png,2ffa57b47fa5a44479f34c3a3497ce35,574102,thirdparty_orphan,high,third-party pack file; deleting partial packs may break the pack
Assets/ModularProceduralBuildings/Textures/sidewalk2_roughness.png,df32ca34adcb697ee812f2243c7189a6,573021,thirdparty_orphan,high,third-party pack file; deleting partial packs may break the pack
Assets/UnityEPL/Prefabs/VideoPlayer/countdown.mov,bb0b6fea2ebc74dd4b4b41a9f2b5fe4e,565777,orphan,high,not referenced by any scene
Assets/StreamingAssets/Recap Instructions VC/Recap Instructions VC-2.png,1601c75633bd644b2b47e0ac633348d9,563177,protected,excluded,StreamingAssets/Resources (loaded by path)
Assets/StreamingAssets/Images/Recap Instructions VC/Recap Instructions VC-2.png,60fd2011bfb2a4eaabf0b989b9747fa5,563177,protected,excluded,StreamingAssets/Resources (loaded by path)
Assets/New Terrain 3.asset,4649c81c6e45e4bddb175a260539af31,557088,orphan,high,not referenced by any scene
Assets/New Terrain 2.asset,51d066faa7ac140b397af7d2b0a682e6,557088,orphan,high,not referenced by any scene
Assets/ModularProceduralBuildings/Textures/tree2-bark.png,f39ddc6020cc9c8939c3fa4d987dad40,549047,thirdparty_orphan,high,third-party pack file; deleting partial packs may break the pack
Assets/ModularProceduralBuildings/Textures/building8-top_roughness.png,6b97105700d53c5fb9804c16dbbd89a9,527592,thirdparty_orphan,high,third-party pack file; deleting partial packs may break the pack
Assets/ModularProceduralBuildings/Textures/tree2-branches.png,e7779f220108370de8dad4f397135aeb,489229,thirdparty_orphan,high,third-party pack file; deleting partial packs may break the pack
Assets/Plugins/Accord.Imaging.dll,e94bea467b98d0040b54535ee0ebbf90,479232,orphan,high,not referenced by any scene
Assets/StreamingAssets/Recap Instructions VC/Recap Instructions post office.png,5ab3fa5bfb0214ad1a5e79000ed16f7e,468262,protected,excluded,StreamingAssets/Resources (loaded by path)
Assets/StreamingAssets/Images/Recap Instructions VC/Recap Instructions post office.png,1660a8a105f1941508fcecc25c73650b,468262,protected,excluded,StreamingAssets/Resources (loaded by path)
Assets/Tools/TerrainRotator/DEMO/Terrain Assets/Bushes/Textures/Ferns.psd,a65d3373cd11cd72a00009188f962b59,463215,orphan,high,not referenced by any scene
Assets/ModularProceduralBuildings/Textures/antenna_roughness.png,f4f069b0ba85e9b00ae8c37345a67999,457652,thirdparty_orphan,high,third-party pack file; deleting partial packs may break the pack
Assets/ModularProceduralBuildings/Prefabs/example-buildings/building5.prefab,3910fb6f54c8cd4f28b8aeee0222e221,456812,thirdparty_orphan,high,third-party pack file; deleting partial packs may break the pack
Assets/Residential Buildings Pack/Source/Textures/Porchlight_metallic.tif,5e26c6353f50bdb4397c67eff59472d7,455244,thirdparty_orphan,high,third-party pack file; deleting partial packs may break the pack
Assets/Residential Buildings Pack/Source/Textures/Porchlight_Albedo.png,a330017ca8a229940885f7f4f53e3c29,453037,thirdparty_orphan,high,third-party pack file; deleting partial packs may break the pack
Assets/Tools/TerrainRotator/Documentation/TerrainRotator10.pdf,d7bbb544186ff4640beae81fa7d2b15a,450194,orphan,high,not referenced by any scene
Assets/ModularProceduralBuildings/Textures/building2_roughness.png,9153f98d6a0b9eee88d21db1f4bc0cfb,439809,thirdparty_orphan,high,third-party pack file; deleting partial packs may break the pack
Assets/StreamingAssets/Recap Instructions VC Online/Recap Instructions VC Online-02.png,1cf43a25e564c46aea39be4e31934990,431860,protected,excluded,StreamingAssets/Resources (loaded by path)
Assets/Tools/TerrainRotator/DEMO/Standard Assets/Terrain Assets/Trees Ambient-Occlusion/Palm/PalmBark.psd,f7d5f039a8e7848e889e1546d37dc39e,431009,orphan,high,not referenced by any scene
Assets/ModularProceduralBuildings/Textures/tree1-branches.png,a006dbbc2ba3d0674929e5f4d5d247cf,417909,thirdparty_orphan,high,third-party pack file; deleting partial packs may break the pack
Assets/Plugins/Accord.MachineLearning.dll,41aaa65d6f430014db538ab807069111,417792,orphan,high,not referenced by any scene
Assets/ModularProceduralBuildings/Prefabs/example-buildings/building8.prefab,a391b960903f710ad8fb6942fc92886d,403771,thirdparty_orphan,high,third-party pack file; deleting partial packs may break the pack
Assets/ModularProceduralBuildings/Prefabs/Modular Pieces/Building8/building8-base.prefab,bc9d86a7293a8257195cc5ff7d529eb2,401233,thirdparty_orphan,high,third-party pack file; deleting partial packs may break the pack
Assets/Town Constructor 3/Prefabs/PreBuiltBuildings/Building11_LOW.prefab,f22634d26b707084291b799f0493cbb2,394618,thirdparty_orphan,high,third-party pack file; deleting partial packs may break the pack
Assets/PostProcessing/Utilities/CustomMotionTexture/Textures/WheelMotionVectors.png,d1cc06458fe724df8837423c0a2f8f93,388788,thirdparty_orphan,high,third-party pack file; deleting partial packs may break the pack
Assets/Tools/TerrainRotator/DEMO/Terrain Assets/Textures/Grass (Meadows).jpg,46ae0649924b543a6bb192dd3c93b89e,383477,orphan,high,not referenced by any scene
Assets/StreamingAssets/Recap Instructions VC/Recap Instructions VC-3_page-0011.jpg,93a3495e83b8b4a6cb6e34254e9de732,381424,protected,excluded,StreamingAssets/Resources (loaded by path)
Assets/Images/Concrete.Cast-In-Place.Flat.Polished.Grey.jpg,6e8410bf1609d4a5991e36a4afda918e,377214,orphan,high,not referenced by any scene
Assets/Tools/TerrainRotator/DEMO/Terrain Assets/Textures/Grass&Rock.jpg,81610d5a58249449683de3278e6b7a5a,377100,orphan,high,not referenced by any scene
Assets/Images/Hedge over.jpg,7d8cfc1d204134c4bb6e81ccd9ab2a94,376641,orphan,high,not referenced by any scene
Assets/KrisDevelopment/EasyRoadsMeshGen_CS/Scripts/Extensions/ArrayExampleResources/road_guard_rails/road_ramp_OCC.png,d3b31238890785f418d280aaaf43f348,365589,thirdparty_orphan,high,third-party pack file; deleting partial packs may break the pack
Assets/Residential Buildings Pack/Source/Textures/Road_Side_AO.png,9dd6bfb9ddc699646b9ea366d2cc3bbd,357133,thirdparty_orphan,high,third-party pack file; deleting partial packs may break the pack
Assets/Tools/TerrainRotator/DEMO/Terrain Assets/Bushes/Textures/Fern.psd,8eecda2bcd110cb2a00086688f962b59,355847,orphan,high,not referenced by any scene
Assets/Residential Buildings Pack/Source/Textures/Props_Emission.png,f0215849986767e42847e46fbc7f34dd,341725,thirdparty_orphan,high,third-party pack file; deleting partial packs may break the pack
Assets/ModularProceduralBuildings/Prefabs/example-buildings/building4-variant.prefab,d3d31e8b97fbcf28ba11ae767537e087,341494,thirdparty_orphan,high,third-party pack file; deleting partial packs may break the pack
Assets/Tools/TerrainRotator/DEMO/Standard Assets/Terrain Assets/Trees Ambient-Occlusion/Palm/PalmBranch.psd,54e03e659ab274dd9b12c0538a9c4983,340656,orphan,high,not referenced by any scene
Assets/ModularProceduralBuildings/Textures/building8-entrance_roughness.png,bbd22f675ef542208ae45e5e1c41e8ad,337957,thirdparty_orphan,high,third-party pack file; deleting partial packs may break the pack
Assets/ModularProceduralBuildings/Prefabs/example-buildings/building2.prefab,e09735dc2368b8867a6d819a2dc904ad,334517,thirdparty_orphan,high,third-party pack file; deleting partial packs may break the pack
Assets/Tools/TerrainRotator/DEMO/Terrain Assets/Textures/Rock (Basic).jpg,345418dca1b954db19f7dadbe7e6ee8a,331681,orphan,high,not referenced by any scene
Assets/Residential Buildings Pack/Demo/Demo_Night/ReflectionProbe-0.exr,5432927b9802e1743a685760dcb302e0,320943,thirdparty_orphan,high,third-party pack file; deleting partial packs may break the pack
Assets/StreamingAssets/Recap Instructions VC Online/Recap Instructions VC Online-03.png,71c21744abd774168977b2ab5c70ecd4,318270,protected,excluded,StreamingAssets/Resources (loaded by path)
Assets/ModularProceduralBuildings/Textures/ac4_normal.png,065c98af319ef8a6fad919e8532022d4,316421,thirdparty_orphan,high,third-party pack file; deleting partial packs may break the pack
Assets/KrisDevelopment/EasyRoadsMeshGen_CS/Example/ExampleResources/PNG/Water_NRM.png,bec9033f56ee3944bbcee636bf145388,305361,thirdparty_orphan,high,third-party pack file; deleting partial packs may break the pack
Assets/Residential Buildings Pack/Source/Imports/Chapel.fbx,a5c7370cc28eeb2468300c4930debd0a,299548,thirdparty_orphan,high,third-party pack file; deleting partial packs may break the pack
Assets/ModularProceduralBuildings/Prefabs/example-buildings/building3.prefab,34c037c123c6ae6e5bfdb670b52d57c0,296707,thirdparty_orphan,high,third-party pack file; deleting partial packs may break the pack
Assets/Tools/TerrainRotator/DEMO/Terrain Assets/Textures/DirtGrass.jpg,0a701d8ff65ec4ea0b399612431785d0,295520,orphan,high,not referenced by any scene
Assets/Plugins/ZedGraph.dll,9d2ee701e0caf9f45b639177aeeee2ab,295424,orphan,high,not referenced by any scene
Assets/ModularProceduralBuildings/Textures/building6-doors_roughness.png,f6fc2a0439036411c85a8c89e6f4e143,290978,thirdparty_orphan,high,third-party pack file; deleting partial packs may break the pack
Assets/ModularProceduralBuildings/Prefabs/Modular Pieces/Building3/building3-base.prefab,cec6d1f7c2d76105f869e71a0c7c1572,288667,thirdparty_orphan,high,third-party pack file; deleting partial packs may break the pack
Assets/Tools/TerrainRotator/DEMO/Terrain Assets/Trees Ambient-Occlusion/ScotsPineTypeA.fbx,43202a31bd1113061100b7a844295342,285952,orphan,high,not referenced by any scene
Assets/Residential Buildings Pack/Source/Textures/Porchlight_normal.png,b6c360c814715d34e9d81ff452e1cb51,275347,thirdparty_orphan,high,third-party pack file; deleting partial packs may break the pack
Assets/ModularProceduralBuildings/Textures/ac4_color.png,d0432d87df3cba659b8145d0a889c38e,261001,thirdparty_orphan,high,third-party pack file; deleting partial packs may break the pack
Assets/KrisDevelopment/EasyRoadsMeshGen_CS/Example/ExampleResources/ERMG_Rails_ExampleResources/rails_planks_spec.png,d00f59e194cb60f42bab849a2b0c59dd,251586,thirdparty_orphan,high,third-party pack file; deleting partial packs may break the pack
Assets/InputManager/Examples/01 - Controls Menu/Scenes/example_1.unity,1236d04bfc766b1479e45d231dd505a0,250489,thirdparty_orphan,high,third-party pack file; deleting partial packs may break the pack
Assets/Images/Hedge under.jpg,dc45260399c2540519039979c769e2a7,246333,orphan,high,not referenced by any scene
Assets/Residential Buildings Pack/Demo/Demo/Lightmap-2_comp_shadowmask.png,74b739f482845cc4ba5e7ca5b0118c4a,237437,thirdparty_orphan,high,third-party pack file; deleting partial packs may break the pack
Assets/StreamingAssets/Recap Instructions VC/Recap Instructions VC-6.png,67e7d14fa31f84282b7f11556352be5e,234717,protected,excluded,StreamingAssets/Resources (loaded by path)
Assets/StreamingAssets/Images/Recap Instructions VC/Recap Instructions VC-6.png,63b7d3d641a13492eac564c44c169d38,234717,protected,excluded,StreamingAssets/Resources (loaded by path)
Assets/Residential Buildings Pack/Demo/Demo/Lightmap-3_comp_shadowmask.png,53a50dfe9dafbeb4a8f0743f2fd65304,234443,thirdparty_orphan,high,third-party pack file; deleting partial packs may break the pack
Assets/KrisDevelopment/EasyRoadsMeshGen_CS/Example/Road_Example.unity,19667b3b3b499fd44af230928d5ee38b,230046,thirdparty_orphan,high,third-party pack file; deleting partial packs may break the pack
Assets/Residential Buildings Pack/Demo/Demo/Lightmap-4_comp_shadowmask.png,9a4c21485b401094da485b302e6e0cfb,228550,thirdparty_orphan,high,third-party pack file; deleting partial packs may break the pack
Assets/Tools/TerrainRotator/DEMO/Standard Assets/Terrain Assets/Terrain Grass/Grass.psd,2c528fec5d95e4ac28cf46399b887662,224213,orphan,high,not referenced by any scene
Assets/Plugins/libusb-1.0.0.dylib,e0d59fc759f0d4144a3a1a953a145b56,219968,orphan,high,not referenced by any scene
Assets/ModularProceduralBuildings/Prefabs/example-buildings/building7-variant.prefab,27a47636f95055f75b6cbd0935f42058,218265,thirdparty_orphan,high,third-party pack file; deleting partial packs may break the pack
Assets/InputManager/Source/Editor/Resources/gamepad_layout.png,3882202e2e5316b45b92c50273354146,213928,protected,excluded,StreamingAssets/Resources (loaded by path)
Assets/StreamingAssets/Recap Instructions VC Online/Recap Instructions VC Online-07.png,c7caa0385081b42498e4c73a31c44856,210243,protected,excluded,StreamingAssets/Resources (loaded by path)
Assets/ModularProceduralBuildings/Prefabs/Modular Pieces/Building6/building6-base.prefab,15a26868ef41834559c0bbe1a43144ec,209530,thirdparty_orphan,high,third-party pack file; deleting partial packs may break the pack
Assets/Town Constructor 3/Trees/Grass2.prefab,eb9f67cf40335e041a01867ceb4868b0,206742,thirdparty_orphan,high,third-party pack file; deleting partial packs may break the pack
Assets/Scripts/DeliveryExperiment.cs.bak_before_removing_accord,8cae8128163f24bd982d1ca1828148cb,206675,orphan,high,not referenced by any scene
Assets/InputManager/Source/Editor/Library/UnityInputConverter.dll,98f75a8f2aa0eaf4a9af1fe94f8de21e,205312,editor_only,awareness,"under an Editor/ folder; used by editor tooling, not the build"
Assets/Plugins/ICSharpCode.SharpZipLib.dll,e9fd0f2e0cab1f04295a1af4458539b8,200704,orphan,high,not referenced by any scene
Assets/Residential Buildings Pack/Source/Textures/Lightpost_ao.png,2bf246bb96625184880e53cd078ef0b6,200529,thirdparty_orphan,high,third-party pack file; deleting partial packs may break the pack
Assets/Tools/TerrainRotator/DEMO/Standard Assets/Terrain Assets/Terrain Grass/Grass2.psd,d6cdc79ec19714fcd980ca3f6ac01a0a,188927,orphan,high,not referenced by any scene
Assets/Scenes/MainGame/ReflectionProbe-0.exr,04a7783e7d92bb948990e6c50557d53b,186930,orphan,high,not referenced by any scene
Assets/ModularProceduralBuildings/Prefabs/Modular Pieces/Building5/building5-base.prefab,846bdfb17f7dc59239b95d1c5b01a3ce,183056,thirdparty_orphan,high,third-party pack file; deleting partial packs may break the pack
Assets/ModularProceduralBuildings/Prefabs/Modular Pieces/Building1/base1.prefab,1976a3c794c9120b1b1849b293d5799b,182942,thirdparty_orphan,high,third-party pack file; deleting partial packs may break the pack
Assets/Plugins/NetMQ.dll,f5ba01e9505ed467fbd13c4ce83132bc,181760,orphan,high,not referenced by any scene
Assets/StreamingAssets/Recap Instructions VC/Recap Instructions VC-3_page-0008.jpg,2bdeb95eb3aad4bfca6fe6623ec7eca5,181073,protected,excluded,StreamingAssets/Resources (loaded by path)
Assets/Plugins/ASimplePlugin.bundle/Contents/MacOS/libusb-1.0.0.dylib,02c8485fa36ad47a68c434f0890e8a38,177456,orphan,high,not referenced by any scene
Assets/PostProcessing/Utilities/CustomMotionTexture/Textures/DebugMotionVectors.png,3aac3087967ea4fae858ec0494fd24d9,170929,thirdparty_orphan,high,third-party pack file; deleting partial packs may break the pack
Assets/Town Constructor 3/ModularKits/Props/OnroadBridgeLong.fbx,0e4fce48df47c98438d416e02a7285ab,169744,thirdparty_orphan,high,third-party pack file; deleting partial packs may break the pack
Assets/Residential Buildings Pack/Demo/Demo/ReflectionProbe-1.exr,683bce8400c1efc47843e1ebda2e09b7,167908,thirdparty_orphan,high,third-party pack file; deleting partial packs may break the pack
Assets/ModularProceduralBuildings/Textures/lader_roughness.png,2f8a66ded2203ed8981472cd3377c9ac,166662,thirdparty_orphan,high,third-party pack file; deleting partial packs may break the pack
Assets/Residential Buildings Pack/Demo/Demo/Lightmap-6_comp_shadowmask.png,b070e69ab4134bb499529510b03e50d0,160304,thirdparty_orphan,high,third-party pack file; deleting partial packs may break the pack
Assets/Audio/StoreAudioEnglish/Hardware Store/nuts.wav,a3862d7b8ae904bf2a2d973cc44308f6,160292,orphan,high,not referenced by any scene
Assets/Audio/StoreAudioEnglish/Computer Store/thermal paste.wav,30f3f79f37e3f46b482a31d3ef3dd16f,159028,orphan,high,not referenced by any scene
Assets/Audio/StoreAudioEnglish/Toy Store/blocks.wav,89a72cd5aa0644e2bb4f34adc0d05436,156900,orphan,high,not referenced by any scene
Assets/Audio/StoreAudioEnglish/Pet Store/dog.wav,eb43bcd20ae1a4200ab95013176a379c,155140,orphan,high,not referenced by any scene
Assets/Audio/StoreAudioEnglish/Post Office/action_figures.wav,d8c4ba53055aa4a148d99b3fb4ec10d4,154628,orphan,high,not referenced by any scene
Assets/Audio/StoreAudioEnglish/Post Office/hold.wav,78312bd8e067e4ec1842c6a438b79417,154628,orphan,high,not referenced by any scene
Assets/Audio/StoreAudioEnglish/Florist/cards.wav,bc48590ebe62b4b798234fac2de58677,153748,orphan,high,not referenced by any scene
Assets/Town Constructor 3/ModularKits/Props/StreetLight3.fbx,39a2c3834a4374d458e8b10de41685e0,151856,thirdparty_orphan,high,third-party pack file; deleting partial packs may break the pack
Assets/Plugins/Accord.Text.dll,76ea7bbd1e135fa498885a40819ad018,151552,orphan,high,not referenced by any scene
Assets/Audio/StoreAudioEnglish/Pet Store/rat.wav,1073c53654d864c5f8ab190373d67197,151108,orphan,high,not referenced by any scene
Assets/Audio/StoreAudioEnglish/Pharmacy/hair_brush.wav,1edc3bd21b7304e8aa4b9d093a5e6102,150228,orphan,high,not referenced by any scene
Assets/Audio/StoreAudioEnglish/Hardware Store/washers.wav,b073cebbea4ac41099f3777913bee008,150228,orphan,high,not referenced by any scene
Assets/ModularProceduralBuildings/Demo/Demo.unity,184dd3b28185df1d6926bbfeeea53f71,150041,thirdparty_orphan,high,third-party pack file; deleting partial packs may break the pack
Assets/Plugins/LibUsbDotNet.dll,a6db003f72b234ce1a50533a80f44420,150016,orphan,high,not referenced by any scene
Assets/Plugins/LibUsbDotNet.bundle/Contents/Resources/LibUsbDotNet.dll,830e3cbf406a84e389c368aa0e7a0d2c,150016,protected,excluded,StreamingAssets/Resources (loaded by path)
Assets/Audio/StoreAudioEnglish/Toy Store/swing_set.wav,fad06a85a8db54051859856a749dac59,149348,orphan,high,not referenced by any scene
Assets/Audio/StoreAudioEnglish/Pharmacy/tylenol.wav,c9267773b71f6414ba1e17d9f5ce8df2,148980,orphan,high,not referenced by any scene
Assets/ModularProceduralBuildings/Textures/lamp-post_roughness.png,8ce0b53a9df4d262f85166252c5b0a8c,148622,thirdparty_orphan,high,third-party pack file; deleting partial packs may break the pack
Assets/Audio/StoreAudioEnglish/Pet Store/python.wav,2b2fb82f021a4487992bc45834d96129,148468,orphan,high,not referenced by any scene
Assets/Audio/StoreAudioEnglish/Barber Shop/shears.wav,b8118b1a46f624e3399697e3d934906a,148468,orphan,high,not referenced by any scene
Assets/Audio/StoreAudioEnglish/Gym/stair_master.wav,6d33a557887b1473ea917d7ca76efc6c,148468,orphan,high,not referenced by any scene
Assets/Audio/StoreAudioEnglish/Hardware Store/wheel_barrow.wav,3fc5f27ce04294f9a9b96177f9ca2d14,148468,orphan,high,not referenced by any scene
Assets/Audio/StoreAudioEnglish/Craft Shop/string.wav,23afc4ff7c85b40cb85281284a57db12,148100,orphan,high,not referenced by any scene
Assets/Audio/StoreAudioEnglish/Grocery Store/kiwi.wav,891cc54d2ac844f169af437854cf5d18,148100,orphan,high,not referenced by any scene
Assets/Audio/StoreAudioEnglish/Gym/locker.wav,95105f2b4d4874c79919701eb92ef5cb,148100,orphan,high,not referenced by any scene
Assets/Audio/StoreAudioEnglish/Toy Store/slinkie.wav,a63d21e377f6d4fd8a752eecd8d2f667,147588,orphan,high,not referenced by any scene
Assets/Audio/StoreAudioEnglish/Barber Shop/soap.wav,83d6a7da88f4a4333bf84194e57be502,147588,orphan,high,not referenced by any scene
Assets/Audio/StoreAudioEnglish/Music Store/trombone.wav,bd576dcf1cb284fe59adcf719d637399,147588,orphan,high,not referenced by any scene
Assets/Audio/StoreAudioEnglish/Florist/mop.wav,5b5db54beccba4c8f81bc1d1cf689e5a,146708,orphan,high,not referenced by any scene
Assets/Audio/StoreAudioEnglish/Dentist/pick.wav,04e11940a5dc5418ab8b7dd3b040278e,146708,orphan,high,not referenced by any scene
Assets/Audio/StoreAudioEnglish/Music Store/8-track.wav,e347d41ce09aa4a63b80fac24740a39d,146340,orphan,high,not referenced by any scene
Assets/Audio/StoreAudioEnglish/Florist/vase.wav,153515c76d0d74133bd6793ff808be11,145828,orphan,high,not referenced by any scene
Assets/Audio/StoreAudioEnglish/Jewelry Store/tweezers.wav,0b13bfe1f443742c19f1cf69f188d2df,145828,orphan,high,not referenced by any scene
Assets/Audio/StoreAudioEnglish/Craft Shop/saw.wav,f5d9019602ad643dea9e03109996af02,145828,orphan,high,not referenced by any scene
Assets/Audio/StoreAudioEnglish/Grocery Store/yogurt.wav,9e3557274f7eb4398b4569f7fbf303ae,145828,orphan,high,not referenced by any scene
Assets/Audio/StoreAudioEnglish/Clothing Store/pants.wav,de2456448a2ea497bb0afcb68114b964,145828,orphan,high,not referenced by any scene
Assets/Audio/StoreAudioEnglish/Hardware Store/wood.wav,ff9840f0e3cd94aabadfd5d1a29be893,145828,orphan,high,not referenced by any scene
Assets/Audio/StoreAudioEnglish/Grocery Store/jello.wav,a3611e278330240f89196648b528179d,144948,orphan,high,not referenced by any scene
Assets/Audio/StoreAudioEnglish/Florist/hose.wav,2e5f6cecbfed24f2880fb88f6e76a9b4,144580,orphan,high,not referenced by any scene
Assets/Audio/StoreAudioEnglish/Pet Store/ferret.wav,33dea65afa6bc44f0b8c8792bf7b677c,144580,orphan,high,not referenced by any scene
Assets/Residential Buildings Pack/Demo/Demo_Night/ReflectionProbe-1.exr,476ed853345cb334f8cde272619efd18,144464,thirdparty_orphan,high,third-party pack file; deleting partial packs may break the pack
Assets/Audio/StoreAudioEnglish/Barber Shop/trash_can.wav,41a1de05c4b504f84a66eeb2891275a0,144068,orphan,high,not referenced by any scene
Assets/Audio/StoreAudioEnglish/Gym/step.wav,f752769acdf0540bfa0a0535bdf98dc7,144068,orphan,high,not referenced by any scene
Assets/Audio/StoreAudioEnglish/Florist/plastic_wrap.wav,13b9f1040007b4316839f1d6abcf45a9,143700,orphan,high,not referenced by any scene
Assets/Audio/StoreAudioEnglish/Grocery Store/produce.wav,ae612c44c4ff9448a902f9e3f1e46040,143700,orphan,high,not referenced by any scene
Assets/Audio/StoreAudioEnglish/Music Store/lava_lamp.wav,fc60f6bc3f79947bc89a6eb9f38c0aba,143188,orphan,high,not referenced by any scene
Assets/Audio/StoreAudioEnglish/Pet Store/gerbil.wav,b7e75e316bad249cd94278916d7c5758,142820,orphan,high,not referenced by any scene
Assets/Audio/StoreAudioEnglish/Clothing Store/shoes.wav,b0b0c2b9ca011432690942bc1b091d2c,142820,orphan,high,not referenced by any scene
Assets/Audio/StoreAudioEnglish/Music Store/keyboard.wav,ff595192da3174cd88b9a668fc20cee9,142820,orphan,high,not referenced by any scene
Assets/Audio/StoreAudioEnglish/Clothing Store/swim_suits.wav,962b5aeec5df04ef99b6609d9ba533c6,142308,orphan,high,not referenced by any scene
Assets/Audio/StoreAudioEnglish/Hardware Store/vacuum_cleaner.wav,dc4cb255ae4834229827d5d2a22a4afa,142308,orphan,high,not referenced by any scene
Assets/Audio/StoreAudioEnglish/Hardware Store/tile.wav,d93a5184906b4494eba591a1649408e4,141940,orphan,high,not referenced by any scene
Assets/Audio/StoreAudioEnglish/Grocery Store/raisins.wav,c223a9a44dde84b9b848736c87f2d7a9,141060,orphan,high,not referenced by any scene
Assets/Audio/StoreAudioEnglish/Clothing Store/robe.wav,c5e5214ae45124636bffeff36c42c77e,141060,orphan,high,not referenced by any scene
Assets/Audio/StoreAudioEnglish/Craft Shop/popsicle_sticks.wav,60bddfac201984e70aee5ad19fd30822,140548,orphan,high,not referenced by any scene
Assets/Audio/StoreAudioEnglish/Cafe/tea.wav,9c5f3af333dab4276a18e13b42cc0c76,140548,orphan,high,not referenced by any scene
Assets/Audio/StoreAudioEnglish/Gym/treadmill.wav,9f36bf09d1a634efea30634b640b5be2,140548,orphan,high,not referenced by any scene
Assets/Audio/StoreAudioEnglish/Hardware Store/wire.wav,7c3425c8f76824fd7a93fe0f677cfab3,140180,orphan,high,not referenced by any scene
Assets/Audio/StoreAudioEnglish/Jewelry Store/clamp.wav,15d70fd57f4c34766a16eaf42cc40553,139668,orphan,high,not referenced by any scene
Assets/Audio/StoreAudioEnglish/Grocery Store/raspberries.wav,9c5815c4e4a2a4e2c99041ea04b2d7db,139668,orphan,high,not referenced by any scene
Assets/Audio/StoreAudioEnglish/Clothing Store/shirts.wav,772d6d5daec314f87b3a5058cafd8fb1,139668,orphan,high,not referenced by any scene
Assets/Audio/StoreAudioEnglish/Gym/television.wav,33ba73f6489a24f7c9c23a8c5da56e9d,139668,orphan,high,not referenced by any scene
Assets/Audio/StoreAudioEnglish/Music Store/trumpet.wav,ab247d78af8bc4f12ada7b453f9eb0ad,139300,orphan,high,not referenced by any scene
Assets/Audio/StoreAudioEnglish/Florist/wrapping_paper.wav,e66d7a4d0140745e29dda0d3fdca9476,138788,orphan,high,not referenced by any scene
Assets/Audio/StoreAudioEnglish/Grocery Store/cash_register.wav,438caaee4e17640f7a1330db30619331,138788,orphan,high,not referenced by any scene
Assets/Audio/StoreAudioEnglish/Clothing Store/dress.wav,65a470fe2c6be45f1bfaed400ff9313d,138788,orphan,high,not referenced by any scene
Assets/Tools/TerrainRotator/DEMO/Standard Assets/Terrain Assets/Trees Ambient-Occlusion/Palm/Palm.fbx,4c85abd0a4d974473b97e81d10a3a6bc,138720,orphan,high,not referenced by any scene
Assets/Audio/StoreAudioEnglish/Clothing Store/laundry_bag.wav,65ff4d31ed14348ab8da936a5d55410e,138420,orphan,high,not referenced by any scene
Assets/Audio/StoreAudioEnglish/Hardware Store/screen.wav,00d136a4fd84747658530435ce27b68a,138420,orphan,high,not referenced by any scene
Assets/Audio/StoreAudioEnglish/Pharmacy/thermometers.wav,c7fdc0b66aec2496aa06ab8c1707b32b,137908,orphan,high,not referenced by any scene
Assets/Audio/StoreAudioEnglish/Florist/water.wav,ebdd39d568e6b4624b2c59f8d65e60c8,137028,orphan,high,not referenced by any scene
Assets/Audio/StoreAudioEnglish/Grocery Store/containers.wav,dc6d4df41df7044b7bc7dc162c54e3a5,137028,orphan,high,not referenced by any scene
Assets/Audio/StoreAudioEnglish/Music Store/piano.wav,b420f0f7ae2e1403ba3f5fbb8b9f9656,137028,orphan,high,not referenced by any scene
Assets/Audio/StoreAudioEnglish/Bike Shop/water_bottle.wav,9eb072cb064f84b388e2b8dc6265ef1c,136660,orphan,high,not referenced by any scene
Assets/Town Constructor 3/ModularKits/Props/Trash4.fbx,1be0f265da2713d4494cd2236d6b3fea,135872,thirdparty_orphan,high,third-party pack file; deleting partial packs may break the pack
Assets/Audio/StoreAudioEnglish/Pharmacy/band_aids.wav,fa3d60146ba8a4418bd6639c8d769ef5,135780,orphan,high,not referenced by any scene
Assets/Audio/StoreAudioEnglish/Florist/flowers.wav,57ccc9ee1732e4f76b50997fa817fc18,135780,orphan,high,not referenced by any scene
Assets/Audio/StoreAudioEnglish/Clothing Store/pins.wav,4afd1c90b9f4743dea50853996204f59,135268,orphan,high,not referenced by any scene
Assets/Audio/StoreAudioEnglish/Pharmacy/pills.wav,78e94895510c64923872870e82aa8e92,134900,orphan,high,not referenced by any scene
Assets/Audio/StoreAudioEnglish/Grocery Store/juice.wav,d67b29e7b220f42dc9633eaf9aa92500,134388,orphan,high,not referenced by any scene
Assets/Audio/StoreAudioEnglish/Music Store/stereo.wav,348949af8e22e4c4faff46b257975ede,134020,orphan,high,not referenced by any scene
Assets/Audio/StoreAudioEnglish/Jewelry Store/adhesive.wav,4ab045b66b5cf4dc9a7f49cfe02aa775,133508,orphan,high,not referenced by any scene
Assets/Audio/StoreAudioEnglish/Pet Store/wood_shavings.wav,a117634874f4d4cde8f1657aded8d672,133508,orphan,high,not referenced by any scene
Assets/Audio/StoreAudioEnglish/Gym/barbells.wav,31f62f9e5fef24264bb3cd9babc59730,133508,orphan,high,not referenced by any scene
Assets/Audio/StoreAudioEnglish/Beauty Store/palette.wav,4fb93ad65a1244ae29b0973ee65aba3f,133508,orphan,high,not referenced by any scene
Assets/Audio/StoreAudioEnglish/Beauty Store/lipstick.wav,2039df717728b48cabc8fbccb76e2aed,133508,orphan,high,not referenced by any scene
Assets/Audio/StoreAudioEnglish/Beauty Store/sunscreen.wav,7ceb09217f16b4747991a26fa747f76b,133508,orphan,high,not referenced by any scene
Assets/Audio/StoreAudioEnglish/Beauty Store/conditioner.wav,1fd582e77424040ab9a37e898a39cc83,133508,orphan,high,not referenced by any scene
Assets/Audio/StoreAudioEnglish/Beauty Store/makeup brush.wav,657625b18c79a48218050c27aff02d0e,133508,orphan,high,not referenced by any scene
Assets/Audio/StoreAudioEnglish/Beauty Store/hair spray.wav,9ed73f25804e945dab7ebb7d6b0dae7f,133508,orphan,high,not referenced by any scene
Assets/Audio/StoreAudioEnglish/Beauty Store/nail polish.wav,48b6e6d70cf364010bf5ea3d32fef9c4,133508,orphan,high,not referenced by any scene
Assets/Audio/StoreAudioEnglish/Beauty Store/shampoo.wav,e568d9a5b3c5f49f780cd6a111d2e64e,133508,orphan,high,not referenced by any scene
Assets/Audio/StoreAudioEnglish/Beauty Store/blush.wav,1ec0bd1f083854e0a915a1250baec074,133508,orphan,high,not referenced by any scene
Assets/Audio/StoreAudioEnglish/Beauty Store/mascara.wav,8e769a545695f49e093f533814fc291f,133508,orphan,high,not referenced by any scene
Assets/Audio/StoreAudioEnglish/Beauty Store/perfume.wav,7ca00ccb0e873456791115633b471ff0,133508,orphan,high,not referenced by any scene
Assets/Audio/StoreAudioEnglish/Beauty Store/lotion.wav,9fe493a8d07b544d8aad67026f227c2d,133508,orphan,high,not referenced by any scene
Assets/Audio/StoreAudioEnglish/Beauty Store/facial mask.wav,2b409320aece04f228922a47ecb45e82,133508,orphan,high,not referenced by any scene
Assets/Audio/StoreAudioEnglish/Beauty Store/serum.wav,c2a3efd1a3caf4c0290dc72349ff1ba5,133508,orphan,high,not referenced by any scene
Assets/Audio/StoreAudioEnglish/Beauty Store/foundation.wav,ef9ed0053409d4f0b89fe527c102185f,133508,orphan,high,not referenced by any scene
Assets/Audio/StoreAudioEnglish/Beauty Store/concealer.wav,179be7410a31249a9b2a7cbe98fef6ea,133508,orphan,high,not referenced by any scene
Assets/Audio/StoreAudioEnglish/Beauty Store/cleanser.wav,95f6676c4868d41728cb3578a0bce2d5,133508,orphan,high,not referenced by any scene
Assets/Audio/StoreAudioEnglish/Beauty Store/moisturizer.wav,08ef05d7e8fe84c62a814d7e08cfb1e4,133508,orphan,high,not referenced by any scene
Assets/Audio/StoreAudioEnglish/Clothing Store/underwear.wav,0b240282123774f80899a38d5d56491a,132628,orphan,high,not referenced by any scene
Assets/Audio/StoreAudioEnglish/Clothing Store/vest.wav,09e982d13ce294c64b31602bf0244ca7,132628,orphan,high,not referenced by any scene
Assets/Audio/StoreAudioEnglish/Gym/exercise_bike.wav,36f11733215bd4fab95fafd474956956,132628,orphan,high,not referenced by any scene
Assets/Residential Buildings Pack/Demo/Demo/Lightmap-7_comp_shadowmask.png,d9fcc56f4ab757a49b0f91dd5a58867b,132276,thirdparty_orphan,high,third-party pack file; deleting partial packs may break the pack
Assets/Audio/StoreAudioEnglish/Toy Store/dollhouse.wav,11c25c542db82465ba2919247128e207,131748,orphan,high,not referenced by any scene
Assets/Audio/StoreAudioEnglish/Jewelry Store/silver.wav,b063a8fc4bab44501b8316bb6ea2dc27,131748,orphan,high,not referenced by any scene
Assets/ModularProceduralBuildings/Textures/building2-top_metallic.png,d369e1a64e75994fb933387ab606f5e8,131588,thirdparty_orphan,high,third-party pack file; deleting partial packs may break the pack
Assets/Audio/StoreAudioEnglish/Jewelry Store/beads.wav,acbfa5a8c8f53432aa7b47d347b2d054,131380,orphan,high,not referenced by any scene
Assets/Audio/StoreAudioEnglish/Craft Shop/tape.wav,2592c25f3adc840a3becfd943e718928,131380,orphan,high,not referenced by any scene
Assets/Plugins/Accord.dll,f4547e1bc84d70844b16fbd3369ae56c,131072,orphan,high,not referenced by any scene
Assets/Audio/StoreAudioEnglish/Florist/tulips.wav,fa09611eea12a41ab97340ba55b21f3d,130868,orphan,high,not referenced by any scene
Assets/Audio/StoreAudioEnglish/Jewelry Store/soldering_iron.wav,8f40dbbe556274855878f167a7fb3d37,129988,orphan,high,not referenced by any scene
Assets/Audio/StoreAudioEnglish/Barber Shop/chair.wav,fb4ead50e90ed4d63b718312d52c7e24,128740,orphan,high,not referenced by any scene
Assets/Audio/StoreAudioEnglish/Barber Shop/dustpan.wav,961b8387190d9414d95fbe8188b94f3f,127860,orphan,high,not referenced by any scene
Assets/Audio/StoreAudioEnglish/Grocery Store/shopping_cart.wav,f2d7d2fc43c664100bd0bf6b9e7da674,125588,orphan,high,not referenced by any scene
Assets/Audio/StoreAudioEnglish/Grocery Store/orange.wav,d3cecf97722f2486a89fb426b72ed374,125588,orphan,high,not referenced by any scene
Assets/Audio/StoreAudioEnglish/Grocery Store/peas.wav,3a0384ed114594455b5ee434762ffeb2,125588,orphan,high,not referenced by any scene
Assets/Town Constructor 3/Prefabs/PreBuiltBuildings/Building1_LOW.prefab,aa5561cc9c3676e498efd8fcf8b0d638,124738,thirdparty_orphan,high,third-party pack file; deleting partial packs may break the pack
Assets/Audio/StoreAudioEnglish/Music Store/sheet_music.wav,9a1c74b6e9fab40caaeea10eec4b4078,124708,orphan,high,not referenced by any scene
Assets/Audio/StoreAudioEnglish/Gym/bench.wav,951b8a2b6ecee4ae9891736ea80f598e,124708,orphan,high,not referenced by any scene
Assets/Audio/StoreAudioEnglish/Grocery Store/boxes.wav,128306ddc7727401db04b14aad180a81,123828,orphan,high,not referenced by any scene
Assets/Audio/StoreAudioEnglish/Music Store/tapes.wav,a383db06e01444a30809d31f26b010ca,122580,orphan,high,not referenced by any scene
Assets/Audio/StoreAudioEnglish/Computer Store/tablet.wav,e3afaab709e5443c2a0ae7e3f44cde5c,122068,orphan,high,not referenced by any scene
Assets/Audio/StoreAudioEnglish/Pizzeria/oven.wav,82172d2a2feb04541bad914ac8fd81c1,121188,orphan,high,not referenced by any scene
Assets/Audio/StoreAudioEnglish/Clothing Store/stockings.wav,2ce11f0b6a8254768b22adefecaba9c8,120820,orphan,high,not referenced by any scene
Assets/StreamingAssets/Recap Instructions VC Online/Recap Instructions VC Online-09.png,832aece498eec40da82f7466ce60fda2,119248,protected,excluded,StreamingAssets/Resources (loaded by path)
Assets/Audio/StoreAudioEnglish/Grocery Store/strawberries.wav,122ec9cfb78ef48cabcc0ee542e44971,119060,orphan,high,not referenced by any scene
Assets/Audio/StoreAudioEnglish/Jewelry Store/rubies.wav,ba0f89024d73e4ed8a679f2f5ef86f4e,118548,orphan,high,not referenced by any scene
Assets/Audio/StoreAudioEnglish/Music Store/albums.wav,cede77df8422443dcb42dc5d5a4d2416,115908,orphan,high,not referenced by any scene
Assets/Residential Buildings Pack/Demo/Demo/Lightmap-5_comp_shadowmask.png,54aff595056a9344f937a93713145297,113211,thirdparty_orphan,high,third-party pack file; deleting partial packs may break the pack
Assets/Fonts/gravity/Gravity-Light-Italic.ttf,ccb9d89cc97f5494ca89b1f2834b2fb7,113184,orphan,high,not referenced by any scene
Assets/KrisDevelopment/EasyRoadsMeshGen_CS/Example/Rails_Example.unity,02c44a503c9acaf45bd977da146d7094,112411,thirdparty_orphan,high,third-party pack file; deleting partial packs may break the pack
Assets/Residential Buildings Pack/Demo/Demo_Night/LightingData.asset,2c6a4de0899821e42921808786c2a236,112128,thirdparty_orphan,high,third-party pack file; deleting partial packs may break the pack
Assets/InputManager/Addons/XInput/Plugins/x86_64/XInputInterface.dll,f79ea96a8e336c9429ea63c03eda9674,110592,thirdparty_orphan,high,third-party pack file; deleting partial packs may break the pack
Assets/Images/Recap Instructions VC Online/Recap Instructions VC Online-13.png,262ddd8304c3845348b75f0381ef7714,109938,orphan,high,not referenced by any scene
Assets/StreamingAssets/Recap Instructions VC Online/Recap Instructions VC Online-13.png,79bda9e3784a644799d7d89ca061409a,109938,protected,excluded,StreamingAssets/Resources (loaded by path)
Assets/Audio/StoreAudioEnglish/Music Store/CD_player.wav,12a36f435d87b4e08a7d9963faeb9ef4,109748,orphan,high,not referenced by any scene
Assets/Audio/StoreAudioEnglish/Barber Shop/broom.wav,8fad97331a62e4ceea7adcfa6042e1e5,108616,orphan,high,not referenced by any scene
Assets/Audio/StoreAudioEnglish/Music Store/DVDs.wav,01b5a9cc01ab144ad9811e0853e75cd5,108500,orphan,high,not referenced by any scene
Assets/ModularProceduralBuildings/Textures/tree1-bark.png,dd0a2abd09de8e363984a2ca43f33c09,107934,thirdparty_orphan,high,third-party pack file; deleting partial packs may break the pack
Assets/ModularProceduralBuildings/Models/ac-unit1.fbx,0773528a177dffb09b35eea666261229,107932,thirdparty_orphan,high,third-party pack file; deleting partial packs may break the pack
Assets/Residential Buildings Pack/Demo/Demo/LightingData.asset,9898b8e915932bc4b9df9377660c4506,107104,thirdparty_orphan,high,third-party pack file; deleting partial packs may break the pack
Assets/ModularProceduralBuildings/Textures/building2-base_metallic.png,8acbc1ebba2e2a48b92897f51bb7dad2,106772,thirdparty_orphan,high,third-party pack file; deleting partial packs may break the pack
Assets/Tools/TerrainRotator/DEMO/Terrain Assets/Bushes/Fern.fbx,d30e71206f8164182a5ebaecb3afdb5f,104240,orphan,high,not referenced by any scene
Assets/InputManager/Examples/06 - UI Navigation/Scenes/example_6.unity,f5c292f3dc83dca4abeac3030f4adcef,102682,thirdparty_orphan,high,third-party pack file; deleting partial packs may break the pack
Assets/Fonts/gravity/Gravity-Book-Italic.ttf,ae77af07d7da24bf994d72d23668ad9b,102300,orphan,high,not referenced by any scene
Assets/Images/asphalt.jpg,6c67a1ef7d62a459c8e9500fc385c5f6,99980,orphan,high,not referenced by any scene
Assets/Images/Recap Instructions VC Online/Recap Instructions VC Online-12.png,2c32f758d574d42178dbf1fe33b63441,98310,orphan,high,not referenced by any scene
Assets/StreamingAssets/Recap Instructions VC Online/Recap Instructions VC Online-12.png,a18dc01530b44488fa5d6f676b2cedda,98310,protected,excluded,StreamingAssets/Resources (loaded by path)
Assets/ModularProceduralBuildings/Models/ac-unit2.fbx,5e95e331ca04f86ef90b0eef73fcb476,95084,thirdparty_orphan,high,third-party pack file; deleting partial packs may break the pack
Assets/Plugins/Accord.Controls.dll,b864b127345041b46b45ff01b23f9395,94208,orphan,high,not referenced by any scene
Assets/InputManager/Addons/XInput/Plugins/x86/XInputInterface.dll,ea8c4f25f91eef24498783a97d350656,94208,thirdparty_orphan,high,third-party pack file; deleting partial packs may break the pack
Assets/Fonts/gravity/Gravity-Bold-Italic.ttf,6ab59977e57194155aa4da73a84355b2,90300,orphan,high,not referenced by any scene
Assets/Residential Buildings Pack/Source/Imports/porchlight.fbx,9f1e9e4d74886024392b3e6cd41e4716,89820,thirdparty_orphan,high,third-party pack file; deleting partial packs may break the pack
Assets/Fonts/gravity/Gravity-Light.ttf,2dec6859b6ece4fbdbed634fdd400067,89776,orphan,high,not referenced by any scene
Assets/Town Constructor 3/ModularKits/Props/LightSign2.fbx,950efa8872fe73f4ebb3741fdbe64be7,88256,thirdparty_orphan,high,third-party pack file; deleting partial packs may break the pack
Assets/StreamingAssets/Recap Instructions VC/Recap Instructions VC-5.png,43e7044dce07442759affdb4c386b783,87805,protected,excluded,StreamingAssets/Resources (loaded by path)
Assets/StreamingAssets/Images/Recap Instructions VC/Recap Instructions VC-5.png,6cb34556f29644f3eb61b8184216f523,87805,protected,excluded,StreamingAssets/Resources (loaded by path)
Assets/PostProcessing/Resources/Shaders/FXAA3.cginc,613b4036a9f55c34fb054bde02455e46,86810,protected,excluded,StreamingAssets/Resources (loaded by path)
Assets/Fonts/gravity/Gravity-UltraLight-Italic.ttf,53617a57bb19a409daa3df13fdc579a2,86652,orphan,high,not referenced by any scene
Assets/Plugins/LibUsbDotNet.bundle/Contents/Frameworks/libusb-1.0.bundle,05df7fd9febaf49689c6fc69c29a6a1f,85856,orphan,high,not referenced by any scene
Assets/Town Constructor 3/ModularKits/Building1/B1_WallArcWindow.fbx,654541221237a3d4d9ad4a064a61b44f,83488,thirdparty_orphan,high,third-party pack file; deleting partial packs may break the pack
Assets/PrimitivePlus/Resources/Meshes/Torus.asset,bb85ee45ccfaa428badb3dd1de02633b,82461,protected,excluded,StreamingAssets/Resources (loaded by path)
Assets/Town Constructor 3/Prefabs/Trees/Tree.prefab,512ca644a9fcc81499aa20d3af38de5b,81879,thirdparty_orphan,high,third-party pack file; deleting partial packs may break the pack
Assets/NeonShapes/RedBlast.prefab,4ce806bd6d1ee1e4d86921019641ae48,79499,thirdparty_orphan,high,third-party pack file; deleting partial packs may break the pack
Assets/StreamingAssets/Recap Instructions VC/Recap Instructions VC-4.png,08067912224c342a880bcd0072cebe93,78945,protected,excluded,StreamingAssets/Resources (loaded by path)
Assets/StreamingAssets/Images/Recap Instructions VC/Recap Instructions VC-4.png,5374f39d2845440678d203678e44c099,78945,protected,excluded,StreamingAssets/Resources (loaded by path)
Assets/Residential Buildings Pack/Source/Imports/Firehydrant.fbx,496b42b9abfeaa041950781a9d4edbcd,78812,thirdparty_orphan,high,third-party pack file; deleting partial packs may break the pack
Assets/ModularProceduralBuildings/Textures/water-tank2_emission.png,95039835b510644ba9f87c01c7054955,78143,thirdparty_orphan,high,third-party pack file; deleting partial packs may break the pack
Assets/ModularProceduralBuildings/Textures/base1-extras_metallic.png,f608f279fb116f0618e11d2be171ff5d,78143,thirdparty_orphan,high,third-party pack file; deleting partial packs may break the pack
Assets/ModularProceduralBuildings/Textures/water-tank1_emission.png,2c1a895595254d56285ab03000bd3dfd,78143,thirdparty_orphan,high,third-party pack file; deleting partial packs may break the pack
Assets/ModularProceduralBuildings/Textures/base1-extras_emission.png,873a123289d6244e69645c8f35ecb39b,78143,thirdparty_orphan,high,third-party pack file; deleting partial packs may break the pack
Assets/ModularProceduralBuildings/Textures/building2-base_emission.png,900b61f7d05acaf5490d48df1dcd0447,78143,thirdparty_orphan,high,third-party pack file; deleting partial packs may break the pack
Assets/ModularProceduralBuildings/Textures/PalmBranch.png,77bf550e983f7654e80356c37a8f79de,76758,thirdparty_orphan,high,third-party pack file; deleting partial packs may break the pack
Assets/Town Constructor 3/ModularKits/Props/StreetLight1.fbx,9422e080c92052946bca472c0f71e84c,75936,thirdparty_orphan,high,third-party pack file; deleting partial packs may break the pack
Assets/Fonts/gravity/Gravity-Bold.ttf,f3793b5400b144be6b11cdbc3f8427ba,75216,orphan,high,not referenced by any scene
Assets/Plugins/Accord.Video.DirectShow.dll,55104623690be954989f0002eddf6320,73728,orphan,high,not referenced by any scene
Assets/Plugins/Accord.Controls.Imaging.dll,22c47f0e2187e544cb248dbc77618e6d,73728,orphan,high,not referenced by any scene
Assets/ModularProceduralBuildings/Prefabs/example-buildings/building7.prefab,0e0534802b729b01f9a1f2f887e32f12,72837,thirdparty_orphan,high,third-party pack file; deleting partial packs may break the pack
Assets/Town Constructor 3/ModularKits/Props/WaterPumpRed.fbx,f5fc709c6bbd42a448dfda9d75b12126,72416,thirdparty_orphan,high,third-party pack file; deleting partial packs may break the pack
Assets/Fonts/gravity/Gravity-UltraLight.ttf,63f189ec438e246fcb76cbe40eb577ef,70300,orphan,high,not referenced by any scene
Assets/ModularProceduralBuildings/Models/water-tank1.fbx,d731226ad826ae6a39d5fbf3857e1169,69980,thirdparty_orphan,high,third-party pack file; deleting partial packs may break the pack
Assets/Plugins/Accord.IO.dll,c6b887b4daae4894b95e0f6672bcb109,69632,orphan,high,not referenced by any scene
Assets/Residential Buildings Pack/Source/Textures/Porchlight_ao.png,92e702ead8ad4ed409ba911fb9c85591,69416,thirdparty_orphan,high,third-party pack file; deleting partial packs may break the pack
Assets/Town Constructor 3/ModularKits/Shops/ShopSign5.fbx,d53345559781aa74a80b22b81c165326,68048,thirdparty_orphan,high,third-party pack file; deleting partial packs may break the pack
Assets/StreamingAssets/Recap Instructions VC/Recap Instructions VC-7.png,93764c0ccf63140d89ee64137b0b1d64,66578,protected,excluded,StreamingAssets/Resources (loaded by path)
Assets/StreamingAssets/Images/Recap Instructions VC/Recap Instructions VC-7.png,42c0816250362414587209bb6bba2d5d,66578,protected,excluded,StreamingAssets/Resources (loaded by path)
Assets/Residential Buildings Pack/Demo/Demo_Night/Lightmap-2_comp_shadowmask.png,06398cb5f2c0bae4a99cb03b6b9145bd,66506,thirdparty_orphan,high,third-party pack file; deleting partial packs may break the pack
Assets/Plugins/Accord.Neuro.dll,a80d5945a0202b8458109ad162d61bee,65536,orphan,high,not referenced by any scene
Assets/Plugins/Accord.Audio.dll,351eb94f4abd4c940afbca75d43c016e,65536,orphan,high,not referenced by any scene
Assets/Town Constructor 3/ModularKits/Props/LightSign1.fbx,f878a493b6e6c8341b34c68906a054b3,61120,thirdparty_orphan,high,third-party pack file; deleting partial packs may break the pack
Assets/KrisDevelopment/EasyRoadsMeshGen_CS/Example/ExampleResources/crossroad/sidewalk_uv occlusion.png,76f4ff5de7bbe1e4ca67fe32bcd34379,60765,thirdparty_orphan,high,third-party pack file; deleting partial packs may break the pack
Assets/Town Constructor 3/ModularKits/Shops/ShopSign3.fbx,cb4020007bc4c8345865f29157098399,58016,thirdparty_orphan,high,third-party pack file; deleting partial packs may break the pack
Assets/StreamingAssets/Recap Instructions VC Online/Recap Instructions VC Online-06.png,3d9d1091434f243efb786e31953e6702,57364,protected,excluded,StreamingAssets/Resources (loaded by path)
Assets/Town Constructor 3/ModularKits/Props/PropsSuperLOW/OnroadBridgeLong_LOW.fbx,ee1f176cb32f57b4b8f944ed4e3330b0,56544,thirdparty_orphan,high,third-party pack file; deleting partial packs may break the pack
Assets/Plugins/ASimplePlugin.bundle/Contents/MacOS/ASimplePlugin,d6474bad20c5c43a0bae4117055ae709,54848,orphan,high,not referenced by any scene
Assets/Town Constructor 3/ModularKits/RoadTiles/RoadB_Cross.fbx,0111b8d77854a8243b6f1263acf5b541,54512,thirdparty_orphan,high,third-party pack file; deleting partial packs may break the pack
Assets/Town Constructor 3/ModularKits/Building1/B1_RoofShortWindow.fbx,910b874043da9b24fb11f43c3a0212a0,54432,thirdparty_orphan,high,third-party pack file; deleting partial packs may break the pack
Assets/PrimitivePlus/Resources/Meshes/Sphere.asset,2341dea8fec8c4334bee2b71dee3da21,53978,protected,excluded,StreamingAssets/Resources (loaded by path)
Assets/Town Constructor 3/ModularKits/ModularWallStructures/StreetWall_CornerCurved.FBX,948ad7d2ee84da44e8c5c17f3dfbe00f,53808,thirdparty_orphan,high,third-party pack file; deleting partial packs may break the pack
Assets/KrisDevelopment/EasyRoadsMeshGen_CS/Example/Runtime_Example.unity,d0d55999018f2f34fb56950093b2a32b,53647,thirdparty_orphan,high,third-party pack file; deleting partial packs may break the pack
Assets/Town Constructor 3/ModularKits/Building2/B2B_WallCorner_Window3.fbx,f296077ee2312b84d9a1f58e2d6c3462,53632,thirdparty_orphan,high,third-party pack file; deleting partial packs may break the pack
Assets/Town Constructor 3/ModularKits/Props/Trash2.fbx,19e2d290c0676bc4890c282fe4354bc6,53600,thirdparty_orphan,high,third-party pack file; deleting partial packs may break the pack
Assets/Audio/beeplow.wav,113aa7194c759426a8b84f5b8f903067,52964,orphan,high,not referenced by any scene
Assets/Audio/beephigh.wav,9fd8b602bd7a246f295c76f1c42d3142,52964,orphan,high,not referenced by any scene
Assets/InputManager/Examples/07 - Generic Gamepad Adapter/Scenes/example_7.unity,d5a382454e94c914a8716b45b2344654,52839,thirdparty_orphan,high,third-party pack file; deleting partial packs may break the pack
Assets/Town Constructor 3/ModularKits/Building7/B7_Wall_Window_Arc.fbx,d72a04ef96bd4bc4fbe52393da5ce3d2,52592,thirdparty_orphan,high,third-party pack file; deleting partial packs may break the pack
Assets/Town Constructor 3/ModularKits/Building7/B7_Wall_Window_Blue.fbx,a3006c86e108a514e9e819b115b03f08,52576,thirdparty_orphan,high,third-party pack file; deleting partial packs may break the pack
Assets/Town Constructor 3/ModularKits/RoadTiles/RoadC_Cross.fbx,b179fc21d1c11c54ca260afb6a4093b2,50160,thirdparty_orphan,high,third-party pack file; deleting partial packs may break the pack
Assets/Town Constructor 3/ModularKits/Shops/ShopSign7.fbx,e354d746e3f904e4e853fea5377d54a3,50016,thirdparty_orphan,high,third-party pack file; deleting partial packs may break the pack
Assets/KrisDevelopment/EasyRoadsMeshGen_CS/Example/Example_ERMeshGenPrefab.prefab,43b674b37d1360946b8c4ef44ee3b95e,49916,thirdparty_orphan,high,third-party pack file; deleting partial packs may break the pack
Assets/KrisDevelopment/EasyRoadsMeshGen_CS/Tests/TestResources/Test_ERMeshGenPrefab.prefab,40ebe69664e81ef4fb4e1b3fdbc70299,49916,thirdparty_orphan,high,third-party pack file; deleting partial packs may break the pack
Assets/Residential Buildings Pack/Source/Imports/Road_int_4_Marking.fbx,64720354d09d3fd4da63105eb9fd45ff,49900,thirdparty_orphan,high,third-party pack file; deleting partial packs may break the pack
Assets/Town Constructor 3/ModularKits/Props/Trash5.fbx,78d6081fc6e05784e9496e6bcda9c9a5,48928,thirdparty_orphan,high,third-party pack file; deleting partial packs may break the pack
Assets/Town Constructor 3/ModularKits/ModularWallStructures/StreetWall_CornerShort.FBX,a8a38953163859f4e89d2c3d8bbd0fa9,48624,thirdparty_orphan,high,third-party pack file; deleting partial packs may break the pack
Assets/Residential Buildings Pack/Source/Imports/Road_int_4.fbx,d7b9310f6f959b749adfb6bb2b40537d,48332,thirdparty_orphan,high,third-party pack file; deleting partial packs may break the pack
Assets/Residential Buildings Pack/Source/Imports/Road_Turn_Marking.fbx,e32b36ced853f82449581512e0bbf308,48236,thirdparty_orphan,high,third-party pack file; deleting partial packs may break the pack
Assets/PostProcessing/Resources/Shaders/ACES.cginc,b8d56fc3449f426408c23c723b58d7b5,47979,protected,excluded,StreamingAssets/Resources (loaded by path)
Assets/InputManager/Examples/03 - Mobile Input/Scenes/example_03_02.unity,e811053ecb10d4540acf8817b7336118,47948,thirdparty_orphan,high,third-party pack file; deleting partial packs may break the pack
Assets/Town Constructor 3/ModularKits/Shops/ShopSign6.fbx,7a1e08000058cf94bb39b4bbc41a947d,47072,thirdparty_orphan,high,third-party pack file; deleting partial packs may break the pack
Assets/PrimitivePlus/Resources/Meshes/TorusHalf.asset,44ac4a7bf4d394afaa88fa9220494e0e,46391,protected,excluded,StreamingAssets/Resources (loaded by path)
Assets/Routes/tsp_valid_paths_25_15_10.txt,5d25a09352dea4b2c8bad1d57b25ccbd,45790,orphan,high,not referenced by any scene
Assets/Residential Buildings Pack/Source/Imports/Road_Turn.fbx,41dd6c0609ccc2548bb6723faf902a04,44940,thirdparty_orphan,high,third-party pack file; deleting partial packs may break the pack
Assets/Residential Buildings Pack/Demo/Demo_Night/Lightmap-5_comp_shadowmask.png,cccd30748fc01c649b32a85bfaccc698,44864,thirdparty_orphan,high,third-party pack file; deleting partial packs may break the pack
Assets/Town Constructor 3/ModularKits/Building8/B8_Wall_Door.fbx,0fb20917cef230946b052d5c5b29aca0,44832,thirdparty_orphan,high,third-party pack file; deleting partial packs may break the pack
Assets/InputManager/Examples/03 - Mobile Input/Scenes/example_03_01.unity,4ddba547b04e9e640b4d9080ab33a733,44740,thirdparty_orphan,high,third-party pack file; deleting partial packs may break the pack
Assets/Town Constructor 3/ModularKits/RoadTiles/RoadB_T.fbx,b82f464997809ad438ec1c8c540bd73f,44576,thirdparty_orphan,high,third-party pack file; deleting partial packs may break the pack
Assets/Residential Buildings Pack/Demo/Demo_Night/Lightmap-1_comp_shadowmask.png,06e3f8a1e8641414c9253da46cedba8e,44103,thirdparty_orphan,high,third-party pack file; deleting partial packs may break the pack
Assets/Town Constructor 3/ModularKits/Building8/B8B_Wall_Door.FBX,d9b668d652056774689138b5634e040f,44064,thirdparty_orphan,high,third-party pack file; deleting partial packs may break the pack
Assets/Town Constructor 3/ModularKits/Building8/B8B_Wall_Corner_Window.fbx,c7be77b9f52495f4ea1603e2a1af988b,43984,thirdparty_orphan,high,third-party pack file; deleting partial packs may break the pack
Assets/Town Constructor 3/ModularKits/Building8/B8_Wall_Corner_Window.fbx,bbc034bf35213f94886ad71ba6ccec6b,43984,thirdparty_orphan,high,third-party pack file; deleting partial packs may break the pack
Assets/PrimitivePlus/Resources/Meshes/Heart.asset,b1db66405d3e742ccb52558030c07793,43979,protected,excluded,StreamingAssets/Resources (loaded by path)
Assets/Town Constructor 3/ModularKits/Building2/B2B_WallCorner_Window2.fbx,fb653c4bd5899b846a73eac8a6aeeda9,43904,thirdparty_orphan,high,third-party pack file; deleting partial packs may break the pack
Assets/StreamingAssets/Recap Instructions VC Online/Recap Instructions VC Online-08.png,61afb437a5d5c49c1aeb8ffc1c4f88d9,43534,protected,excluded,StreamingAssets/Resources (loaded by path)
Assets/Town Constructor 3/ModularKits/RoadTiles/RoadB_Corner.fbx,496c2c2229381f544bea725cddc757a8,43488,thirdparty_orphan,high,third-party pack file; deleting partial packs may break the pack
Assets/Town Constructor 3/ModularKits/RoadTiles/RoadC_T.fbx,01d6b5fe4da112449a2e17b1dda9068c,43200,thirdparty_orphan,high,third-party pack file; deleting partial packs may break the pack
Assets/Town Constructor 3/ModularKits/Building8/B8_Wall_Corner_Ground_Window.fbx,c73feeee6d8772b4ca31dc9674e53791,43040,thirdparty_orphan,high,third-party pack file; deleting partial packs may break the pack
Assets/Town Constructor 3/ModularKits/Building8/B8B_Wall_Corner_Ground_Window.fbx,a4a30a98b15ed7949bc7f46684554284,43024,thirdparty_orphan,high,third-party pack file; deleting partial packs may break the pack
Assets/Town Constructor 3/ModularKits/Building2/B2_WallCorner_Window2.fbx,df60efeadc9880e428d09aeef42d1993,42928,thirdparty_orphan,high,third-party pack file; deleting partial packs may break the pack
Assets/Town Constructor 3/ModularKits/Shops/ShopSign2.fbx,f14d4f527fd1b0b4e9f8ff3566e5f610,42864,thirdparty_orphan,high,third-party pack file; deleting partial packs may break the pack
Assets/Town Constructor 3/ModularKits/RoadTiles/RoadC_Corner.fbx,f37f097492345cf489b4630afc34d756,42416,thirdparty_orphan,high,third-party pack file; deleting partial packs may break the pack
Assets/Town Constructor 3/ModularKits/RoadTiles/Road_Cross.fbx,07e6cc15b6efc15499689caf1edac56d,41760,thirdparty_orphan,high,third-party pack file; deleting partial packs may break the pack
Assets/ModularProceduralBuildings/Prefabs/Modular Pieces/Building5/building5-1.prefab,f1f4c30a8708017e79b0b65aabf0e5cc,41294,thirdparty_orphan,high,third-party pack file; deleting partial packs may break the pack
Assets/Plugins/Accord.Video.dll,c345f43c972b79e44acc8b7c8f5781d8,40960,orphan,high,not referenced by any scene
Assets/Town Constructor 3/ModularKits/Props/PropsSuperLOW/StreetLight3_LOW.fbx,156a37ee79820c14a84d61390880236b,40816,thirdparty_orphan,high,third-party pack file; deleting partial packs may break the pack
Assets/Town Constructor 3/ModularKits/Building4/B4_DoubleWindow.fbx,c4eaace896f592347bdc07b65b17520e,40816,thirdparty_orphan,high,third-party pack file; deleting partial packs may break the pack
Assets/StreamingAssets/Recap Instructions VC Online/Recap Instructions VC Online-05.png,7c65eb78211524811b7285372b1e84fc,40684,protected,excluded,StreamingAssets/Resources (loaded by path)
Assets/Town Constructor 3/ModularKits/Building2/B2B_Wall_Window3.fbx,2ec3a5ea35143db43b378e951cf1d654,40384,thirdparty_orphan,high,third-party pack file; deleting partial packs may break the pack
Assets/ModularProceduralBuildings/Textures/curtain3.png,7503833c45489cc36847c43b59d9f6b0,40133,thirdparty_orphan,high,third-party pack file; deleting partial packs may break the pack
Assets/Town Constructor 3/ModularKits/Props/FireStairs.fbx,89f71217aef5c854fbf5345dc4ad8036,40064,thirdparty_orphan,high,third-party pack file; deleting partial packs may break the pack
Assets/Town Constructor 3/ModularKits/ModularWallStructures/WallLight.fbx,411bddca763670443a3037aaffc82958,40032,thirdparty_orphan,high,third-party pack file; deleting partial packs may break the pack
Assets/Town Constructor 3/ModularKits/Building8/B8_Wall_Window.fbx,6adf05ef2ad4f6f41ac8eae59e9bd75d,39760,thirdparty_orphan,high,third-party pack file; deleting partial packs may break the pack
Assets/Town Constructor 3/ModularKits/Building8/B8B_Wall_Window.fbx,840efd568eaeafa4cbd473975c2b2742,39712,thirdparty_orphan,high,third-party pack file; deleting partial packs may break the pack
Assets/Town Constructor 3/ModularKits/Building1/B1_RoofHighWindow.fbx,1c44a22cad976af47a0c24312444ac20,39120,thirdparty_orphan,high,third-party pack file; deleting partial packs may break the pack
Assets/Town Constructor 3/ModularKits/Building4/B4_Wall_Long.fbx,279405853a504ed46893164040086ec6,39072,thirdparty_orphan,high,third-party pack file; deleting partial packs may break the pack
Assets/ModularProceduralBuildings/Textures/curtain4.png,754ef3376855f5c4b944795f83460432,38840,thirdparty_orphan,high,third-party pack file; deleting partial packs may break the pack
Assets/Residential Buildings Pack/Source/Imports/Lightpost.fbx,1f4b6de65cc12944ea18e45e53e6978d,38620,thirdparty_orphan,high,third-party pack file; deleting partial packs may break the pack
Assets/Residential Buildings Pack/Source/Imports/Road_int_3_Marking.fbx,0099a4325d809e040b581331b5e491a2,38492,thirdparty_orphan,high,third-party pack file; deleting partial packs may break the pack
Assets/Town Constructor 3/ModularKits/Building8/B8B_Wall_Corner_HalfWindow.fbx,fbf18161fc8ad174d8bf52fdd9f5ebf3,38048,thirdparty_orphan,high,third-party pack file; deleting partial packs may break the pack
Assets/Town Constructor 3/ModularKits/Building8/B8_Wall_Corner_HalfWindow.fbx,755cc92db5ae0cf479b90d86c5e0e2e3,38032,thirdparty_orphan,high,third-party pack file; deleting partial packs may break the pack
Assets/Residential Buildings Pack/Source/Imports/Trashcan.fbx,57e2d87c271923e4da6e434367550c9f,37852,thirdparty_orphan,high,third-party pack file; deleting partial packs may break the pack
Assets/Town Constructor 3/ModularKits/Building8/B8_Wall_Corner_Ground_WindowHalf.fbx,8b9cc18a45b3b0d439ff209c646f9dec,37840,thirdparty_orphan,high,third-party pack file; deleting partial packs may break the pack
Assets/ModularProceduralBuildings/Textures/building2_metallic.png,6ea33836fd3aaa9e785b1c17f50f51a6,37834,thirdparty_orphan,high,third-party pack file; deleting partial packs may break the pack
Assets/ModularProceduralBuildings/Models/building2-base.001.fbx,fdb95fc1ff21f746e94225464f211a89,37468,thirdparty_orphan,high,third-party pack file; deleting partial packs may break the pack
Assets/Plugins/Accord.Genetic.dll,e7cd541ab6e941841b713124da2ba5fb,36864,orphan,high,not referenced by any scene
Assets/Plugins/Accord.Controls.Vision.dll,1c8b0040c9bb36943b03adcc412dc2e1,36864,orphan,high,not referenced by any scene
Assets/Plugins/Accord.Video.Kinect.dll,79aea20fff476464c8fc54eef9c14a76,36864,orphan,high,not referenced by any scene
Assets/Town Constructor 3/ModularKits/Shops/ShopGroundSign1.fbx,37833a50d7ba9784db8bf20a90380342,36784,thirdparty_orphan,high,third-party pack file; deleting partial packs may break the pack
Assets/Town Constructor 3/ModularKits/Shops/ShopSign1.fbx,bd2cc069259fa1649a0c8cea128557ff,36672,thirdparty_orphan,high,third-party pack file; deleting partial packs may break the pack
Assets/Residential Buildings Pack/Source/Imports/Road_int_3.fbx,e95daa32656b6524e9ef9cf2838789d2,36588,thirdparty_orphan,high,third-party pack file; deleting partial packs may break the pack
Assets/Residential Buildings Pack/Demo/Demo_Night/Lightmap-8_comp_shadowmask.png,5ee1d776915a46547b499c2f5f357b4d,36494,thirdparty_orphan,high,third-party pack file; deleting partial packs may break the pack
Assets/Town Constructor 3/ModularKits/Building8/B8B_Wall_Corner_Ground_WindowHalf.FBX,0123ba3cc5c6ca645bd833acb449d23b,36304,thirdparty_orphan,high,third-party pack file; deleting partial packs may break the pack
Assets/Town Constructor 3/ModularKits/Building8/B8B_Roof_Corner.fbx,1eab4abcd3342f248b6e8921cf3678c1,35744,thirdparty_orphan,high,third-party pack file; deleting partial packs may break the pack
Assets/Town Constructor 3/ModularKits/Building8/B8_Roof_Corner.fbx,a8ab0b50491d4fe4da20cc13c400ec8e,35712,thirdparty_orphan,high,third-party pack file; deleting partial packs may break the pack
Assets/Town Constructor 3/ModularKits/Props/PropsSuperLOW/LightSign2_LOW.fbx,b03a6fa63f51b2848aab1d6eaaa2f5d3,35568,thirdparty_orphan,high,third-party pack file; deleting partial packs may break the pack
Assets/Town Constructor 3/ModularKits/Building7/B7_Wall_Arc.fbx,c1d13104d26c23a479e1a13cbe6241b3,35168,thirdparty_orphan,high,third-party pack file; deleting partial packs may break the pack
Assets/Town Constructor 3/ModularKits/Building2/B2B_Wall_Window2.fbx,3961d2de62bfc594aa864c67339535a6,35040,thirdparty_orphan,high,third-party pack file; deleting partial packs may break the pack
Assets/PostProcessing/Utilities/CustomMotionTexture/ExampleScene.unity,ed3a9f41209f84f6db99e07013da9628,34816,thirdparty_orphan,high,third-party pack file; deleting partial packs may break the pack
Assets/Town Constructor 3/ModularKits/Building7/B7_Roof_Bricks.fbx,b86d21b0e1ae506449e8e26dc04677d2,34800,thirdparty_orphan,high,third-party pack file; deleting partial packs may break the pack
Assets/Town Constructor 3/ModularKits/Building7/B7_Roof_LongBricks.fbx,b2ec942fb91599345b73382eb0240a04,34784,thirdparty_orphan,high,third-party pack file; deleting partial packs may break the pack
Assets/Town Constructor 3/ModularKits/Props/PropsSuperLOW/WaterPumpRed_LOW.fbx,acbffe72b1df1714698b664205d624cf,34720,thirdparty_orphan,high,third-party pack file; deleting partial packs may break the pack
Assets/Town Constructor 3/ModularKits/ModularWallStructures/StreetWall_CurvedShort.fbx,3d2aaa676f6f18c41a6166ebe245d585,34576,thirdparty_orphan,high,third-party pack file; deleting partial packs may break the pack
Assets/Town Constructor 3/ModularKits/RoadTiles/RoadWithGasson.FBX,09847495d81ff3b458ae34ae97ffcbad,34464,thirdparty_orphan,high,third-party pack file; deleting partial packs may break the pack
Assets/Town Constructor 3/ModularKits/Building2/B2_Wall_Window2.fbx,4fa4396030d886440a7c5313a230f8d7,34320,thirdparty_orphan,high,third-party pack file; deleting partial packs may break the pack
Assets/Town Constructor 3/ModularKits/Building6/B6_Entrance.fbx,115c5e99a51cd3348948b054283d3550,34208,thirdparty_orphan,high,third-party pack file; deleting partial packs may break the pack
Assets/InputManager/Examples/Common/Packages/KennyFonts/kenvector_future.ttf,13f37016a543d224da611a8286d6a1a0,34136,thirdparty_orphan,high,third-party pack file; deleting partial packs may break the pack
Assets/InputManager/Examples/Common/Packages/KennyFonts/kenvector_future_thin.ttf,73299947dbfd5c740a13762d6d517911,34100,thirdparty_orphan,high,third-party pack file; deleting partial packs may break the pack
Assets/Town Constructor 3/ModularKits/Building1/B1_RoofHighCorner.fbx,8411e7c697faa4e4ba552af2067a4adf,34080,thirdparty_orphan,high,third-party pack file; deleting partial packs may break the pack
Assets/Town Constructor 3/ModularKits/Props/PropsSuperLOW/LightSign1_LOW.fbx,9ef686a8d12f35c459b410db784beb4b,33056,thirdparty_orphan,high,third-party pack file; deleting partial packs may break the pack
Assets/Town Constructor 3/ModularKits/Building1/B1_SeamPillar_Ground_Full.fbx,e1aa36de37dd76c428f3a92c69734064,33040,thirdparty_orphan,high,third-party pack file; deleting partial packs may break the pack
Assets/Town Constructor 3/Skyboxes/Textures/Sunny1/Sunny1_down.tif,352e5f82d7105ad408904c5f552b5fe7,33008,thirdparty_orphan,high,third-party pack file; deleting partial packs may break the pack
Assets/InputManager/Examples/Common/Packages/KennyUI/on_screen_controls.png,a5659e2da325e92439c9742fab2f1d50,32813,thirdparty_orphan,high,third-party pack file; deleting partial packs may break the pack
Assets/Plugins/Accord.Video.Ximea.dll,01022640260420246a88162315a2a81c,32768,orphan,high,not referenced by any scene
Assets/Plugins/Accord.Audition.dll,3583a045b87d7724f92083ca1f4898de,32768,orphan,high,not referenced by any scene
Assets/Residential Buildings Pack/Demo/Demo_Night/Lightmap-6_comp_shadowmask.png,870f889f35f372146ae90cb98ea98daa,32635,thirdparty_orphan,high,third-party pack file; deleting partial packs may break the pack
Assets/Residential Buildings Pack/Source/Imports/Streetlight_Double.fbx,4ad76f554ad789e4980b7e98debabae2,32620,thirdparty_orphan,high,third-party pack file; deleting partial packs may break the pack
Assets/Town Constructor 3/ModularKits/Building2/B2B_OuterWall.fbx,f1c850a67a255c540aa53a93870d0545,32544,thirdparty_orphan,high,third-party pack file; deleting partial packs may break the pack
Assets/Town Constructor 3/ModularKits/Building7/B7_Entrance.fbx,187fd3c3e78f7cf499282c943afe9002,32400,thirdparty_orphan,high,third-party pack file; deleting partial packs may break the pack
Assets/ModularProceduralBuildings/Prefabs/Modular Pieces/Building3/building3-top.prefab,d784e087829a63964a15650c8aeaf32f,32341,thirdparty_orphan,high,third-party pack file; deleting partial packs may break the pack
Assets/Town Constructor 3/ModularKits/Building2/B2B_Wall_Door.fbx,cc7f6efab91cad8418aa755bb1722536,32320,thirdparty_orphan,high,third-party pack file; deleting partial packs may break the pack
Assets/PostProcessing/Resources/Shaders/ScreenSpaceReflection.shader,607a5643efb168f429e438f7d6ad270a,32239,protected,excluded,StreamingAssets/Resources (loaded by path)
Assets/Town Constructor 3/ModularKits/Building6/B6_Wall_Window.fbx,b1e24ce5f14d61c4c8012c8b6e5a199e,32176,thirdparty_orphan,high,third-party pack file; deleting partial packs may break the pack
Assets/Town Constructor 3/ModularKits/Building2/B2B_Wall_Flat.fbx,174407be4d304384cb82cd69bce5b665,32000,thirdparty_orphan,high,third-party pack file; deleting partial packs may break the pack
Assets/Town Constructor 3/ModularKits/Building7/B7_Wall_Window_Stone.fbx,7ef62f0d3d686f8459c461fd007d8f9a,31856,thirdparty_orphan,high,third-party pack file; deleting partial packs may break the pack
Assets/ModularProceduralBuildings/Prefabs/Modular Pieces/Building8/building8-top.prefab,bf26ab07c505b151da6c6346483eff9a,31818,thirdparty_orphan,high,third-party pack file; deleting partial packs may break the pack
Assets/Town Constructor 3/ModularKits/Building2/B2_OuterWall.fbx,78b192b7597068945aa4f2d03a3e8bc2,31744,thirdparty_orphan,high,third-party pack file; deleting partial packs may break the pack
Assets/Town Constructor 3/ModularKits/Props/PropsSuperLOW/StreetLight1_LOW.fbx,c3f81c37805549442a8783099afb9a13,31664,thirdparty_orphan,high,third-party pack file; deleting partial packs may break the pack
Assets/PostProcessing/Utilities/CustomMotionTexture/Models/WheelMovecs.FBX,c4abfbff3b9d442f4b435849d2d2124c,31600,thirdparty_orphan,high,third-party pack file; deleting partial packs may break the pack
Assets/Residential Buildings Pack/Source/Imports/Mailbox3.fbx,48fb5ca8d59039f4281122bdf6ec100a,31484,thirdparty_orphan,high,third-party pack file; deleting partial packs may break the pack
Assets/Town Constructor 3/ModularKits/Building2/B2_Wall_Flat.fbx,d8720c701d013b8418a4de8ef0c563b7,31376,thirdparty_orphan,high,third-party pack file; deleting partial packs may break the pack
Assets/Town Constructor 3/ModularKits/Shops/ShopSign4.fbx,03c4a81b896458e4396398f0b2d805a6,31168,thirdparty_orphan,high,third-party pack file; deleting partial packs may break the pack
Assets/Town Constructor 3/ModularKits/Shops/ShopRed_Cover.fbx,6aa7d24950b09044481a0a401da829b6,30560,thirdparty_orphan,high,third-party pack file; deleting partial packs may break the pack
Assets/Town Constructor 3/ModularKits/Building8/B8_Roof.fbx,7dce7d8560cda5e49ba974139995db34,30480,thirdparty_orphan,high,third-party pack file; deleting partial packs may break the pack
Assets/Town Constructor 3/ModularKits/Building8/B8B_Roof.fbx,5e7ef188233bdd74ab7bc37893361d0b,30480,thirdparty_orphan,high,third-party pack file; deleting partial packs may break the pack
Assets/Residential Buildings Pack/Source/Imports/ManholeCover.fbx,5f6be5521b9d39040b596428712517f2,30384,thirdparty_orphan,high,third-party pack file; deleting partial packs may break the pack
Assets/Town Constructor 3/ModularKits/Building2/B2B_WallCorner_Window.fbx,e76ff9ad1c3cbd24f935af018d1bf125,30368,thirdparty_orphan,high,third-party pack file; deleting partial packs may break the pack
Assets/Town Constructor 3/ModularKits/Props/PropsSuperLOW/Trash_LOW.fbx,2372e5fbad89e49488208db63942a920,30304,thirdparty_orphan,high,third-party pack file; deleting partial packs may break the pack
Assets/Plugins/AsyncIO 0.1.26/AsyncIO.dll,8cb78d8b4fc734968b0236c2e11cd951,30208,orphan,high,not referenced by any scene
Assets/Town Constructor 3/ModularKits/Shops/ShopPurple_Cover.fbx,34027f604249b9c46a5b5d539ec6de0b,30192,thirdparty_orphan,high,third-party pack file; deleting partial packs may break the pack
Assets/Town Constructor 3/ModularKits/Props/PropsSuperLOW/Trash4_LOW.fbx,7b115bc75d0b8b842987af2467c3ec67,30096,thirdparty_orphan,high,third-party pack file; deleting partial packs may break the pack
Assets/Town Constructor 3/ModularKits/Shops/ShopGroundSign2.fbx,340bf5d6ae3f90d419d28c630f19d20a,30048,thirdparty_orphan,high,third-party pack file; deleting partial packs may break the pack
Assets/Plugins/UnityEPLNativePlugin.bundle/Contents/MacOS/UnityEPLNativePlugin,b1b60ad60b01445ef80381745e73546f,30032,orphan,high,not referenced by any scene
Assets/Town Constructor 3/ModularKits/Shops/ShopPurpleHexaCorner_Cover.fbx,34675f433ac34a94fb61ae077030998c,30000,thirdparty_orphan,high,third-party pack file; deleting partial packs may break the pack
Assets/Town Constructor 3/ModularKits/Shops/ShopRedHexaCorner_Cover.fbx,e3784785544b59848a2eb247ba7e59e6,29968,thirdparty_orphan,high,third-party pack file; deleting partial packs may break the pack
Assets/Town Constructor 3/ModularKits/Shops/ShopRedYelloCorner_Cover.fbx,b8e97273f1532a94085a76982b9cf17c,29808,thirdparty_orphan,high,third-party pack file; deleting partial packs may break the pack
Assets/ModularProceduralBuildings/Models/Cube.006.fbx,2b68c2ed321cbabcf9d0859f700b2988,29644,thirdparty_orphan,high,third-party pack file; deleting partial packs may break the pack
Assets/ModularProceduralBuildings/Meshes/Bush1.mesh,ef0695ac234d33a3b82568d3c8af1316,29315,thirdparty_orphan,high,third-party pack file; deleting partial packs may break the pack
Assets/Town Constructor 3/ModularKits/Building1/B1_RoofHigh.fbx,5c4bc0185eb4cbc4c939125d1c3b8567,29312,thirdparty_orphan,high,third-party pack file; deleting partial packs may break the pack
Assets/ModularProceduralBuildings/Prefabs/Modular Pieces/Building5/building5-2.prefab,de0b6662b7d821d0bb7e2416191eec3a,29278,thirdparty_orphan,high,third-party pack file; deleting partial packs may break the pack
Assets/ModularProceduralBuildings/Models/building2-top.001.fbx,50a0826ebcafabc119859bed4c619326,29084,thirdparty_orphan,high,third-party pack file; deleting partial packs may break the pack
Assets/Town Constructor 3/ModularKits/Shops/ShopBlue_TubeCover.fbx,fc22cacbfc8c26b4590de22a1ebeaf83,28960,thirdparty_orphan,high,third-party pack file; deleting partial packs may break the pack
Assets/Town Constructor 3/ModularKits/Shops/ShopGreen_TubeCover.fbx,32d09200704d8984e9391503b5be2fdd,28832,thirdparty_orphan,high,third-party pack file; deleting partial packs may break the pack
Assets/Town Constructor 3/ModularKits/Building6/B6_Roof.fbx,84527956e3b66a84ea1a40ec0bbbc672,28768,thirdparty_orphan,high,third-party pack file; deleting partial packs may break the pack
Assets/Plugins/Accord.Video.VFW.dll,b43c98c18de6dcf4da0479ca386f72ee,28672,orphan,high,not referenced by any scene
Assets/Plugins/Accord.Fuzzy.dll,fa2ff483ecb5cf8488742fd01dc865ce,28672,orphan,high,not referenced by any scene
Assets/Town Constructor 3/ModularKits/Shops/ShopGreenHexaCorner_TubeCover.fbx,ea45a27db298219479894364579e137a,28656,thirdparty_orphan,high,third-party pack file; deleting partial packs may break the pack
Assets/Town Constructor 3/ModularKits/Building3/B3_Wall_FirePlaceTube.fbx,865062340dd29b643a2084e55cadc261,28640,thirdparty_orphan,high,third-party pack file; deleting partial packs may break the pack
Assets/Residential Buildings Pack/Source/Imports/Garage_E1.fbx,766a53378ee5c0143930d67a91ea2cc9,28636,thirdparty_orphan,high,third-party pack file; deleting partial packs may break the pack
Assets/Town Constructor 3/ModularKits/Shops/ShopBlueHexaCorner_TubeCover.fbx,782456eee2b9c684e8ad0a2453bb087a,28624,thirdparty_orphan,high,third-party pack file; deleting partial packs may break the pack
Assets/Town Constructor 3/ModularKits/Shops/ShopGreen_TubeCoverSmall.fbx,78b3f36d03b9b0d4aa78232533be29ee,28544,thirdparty_orphan,high,third-party pack file; deleting partial packs may break the pack
Assets/Town Constructor 3/ModularKits/Shops/ShopBlue_TubeCoverSmall.fbx,5c1372f984c67714098c883816e37b87,28528,thirdparty_orphan,high,third-party pack file; deleting partial packs may break the pack
Assets/Town Constructor 3/ModularKits/Shops/ShopGreen_CoverSmall.fbx,8e730146f56d9cc4dbf5ec5261413da7,28464,thirdparty_orphan,high,third-party pack file; deleting partial packs may break the pack
Assets/Town Constructor 3/ModularKits/Props/SideStairs2.FBX,921c7d975d32dfd49b78ade2c347aa08,28368,thirdparty_orphan,high,third-party pack file; deleting partial packs may break the pack
Assets/ModularProceduralBuildings/Models/gardem5.fbx,5f372170bc51cfff389f5b6174897848,28364,thirdparty_orphan,high,third-party pack file; deleting partial packs may break the pack
Assets/InputManager/Examples/04 - Local Co-Op/Scenes/example_4_2.unity,7eceb1e414d0d9347a9ff646256570a9,28344,thirdparty_orphan,high,third-party pack file; deleting partial packs may break the pack
Assets/Images/Recap Instructions VC Online/Recap Instructions VC Online-10.png,25e57dec046b0458b9d9a61cb9865559,28268,orphan,high,not referenced by any scene
Assets/StreamingAssets/Recap Instructions VC Online/Recap Instructions VC Online-10.png,f0f6b3dfa75944216a7ef1b379dd80d2,28268,protected,excluded,StreamingAssets/Resources (loaded by path)
Assets/Town Constructor 3/ModularKits/Building8/B8B_Wall_Flat.FBX,2ad634995c5a1bd4aa0e6ea55ebce49a,28240,thirdparty_orphan,high,third-party pack file; deleting partial packs may break the pack
Assets/Town Constructor 3/ModularKits/Shops/ShopBrightRed_CoverSmall.fbx,a5d882079abe1294c8dfce25b4ea627c,28224,thirdparty_orphan,high,third-party pack file; deleting partial packs may break the pack
Assets/Town Constructor 3/ModularKits/ModularWallStructures/WallStreatPillar4.fbx,62170f977033f914d8a25b7684cbb20c,28192,thirdparty_orphan,high,third-party pack file; deleting partial packs may break the pack
Assets/Residential Buildings Pack/Source/Imports/Trashcan8.fbx,cd206eefe775bac4b8800bd71c5f0487,28188,thirdparty_orphan,high,third-party pack file; deleting partial packs may break the pack
Assets/Town Constructor 3/ModularKits/Building8/B8_Wall_Flat.fbx,4f897487f68b46d479b3bb3f67a948a6,28144,thirdparty_orphan,high,third-party pack file; deleting partial packs may break the pack
Assets/Town Constructor 3/ModularKits/Shops/ShopRed_CoverSmall.fbx,2b8f17f73a05f684380770163adca67e,28144,thirdparty_orphan,high,third-party pack file; deleting partial packs may break the pack
Assets/Town Constructor 3/ModularKits/OnBuildingMisc/WindowWingBL.fbx,268d81983bfdc0f48bf894fd6cfcf656,27984,thirdparty_orphan,high,third-party pack file; deleting partial packs may break the pack
Assets/Town Constructor 3/ModularKits/OnBuildingMisc/WindowWingYL.fbx,8bb4d5470b846324ca8b48f9ea07b417,27984,thirdparty_orphan,high,third-party pack file; deleting partial packs may break the pack
Assets/Town Constructor 3/ModularKits/ModularWallStructures/WallStreatPillar3.fbx,f517e2abfdb2f9d438cd2a6a770d5329,27888,thirdparty_orphan,high,third-party pack file; deleting partial packs may break the pack
Assets/Town Constructor 3/ModularKits/Props/RoadBlocker8.fbx,515e0b6f842b26543919fdd49aa57c6e,27888,thirdparty_orphan,high,third-party pack file; deleting partial packs may break the pack
Assets/Town Constructor 3/ModularKits/OnBuildingMisc/WindowWingBR.fbx,44c3ecd91259e634581911a88e20c2a0,27680,thirdparty_orphan,high,third-party pack file; deleting partial packs may break the pack
Assets/Town Constructor 3/ModularKits/OnBuildingMisc/WindowWingYR.fbx,f733a1110b1556d4f9a314a67bea232c,27680,thirdparty_orphan,high,third-party pack file; deleting partial packs may break the pack
Assets/Residential Buildings Pack/Source/Imports/Garage_E5.fbx,ce805a89c7040b542b017a7b4c9d4942,27564,thirdparty_orphan,high,third-party pack file; deleting partial packs may break the pack
Assets/Residential Buildings Pack/Source/Imports/Streetlight.fbx,c592c6b948ea1d742b08d364a0fdd2e3,27532,thirdparty_orphan,high,third-party pack file; deleting partial packs may break the pack
Assets/Town Constructor 3/ModularKits/Building2/B2B_Wall_Window.fbx,a910240b8de402d4db96f6c2e8a8fb33,27504,thirdparty_orphan,high,third-party pack file; deleting partial packs may break the pack
Assets/Town Constructor 3/ModularKits/Building7/B7_Roof_Mid_1.fbx,55932247db16b9a418d6737b9b5a5ce6,27376,thirdparty_orphan,high,third-party pack file; deleting partial packs may break the pack
Assets/ModularProceduralBuildings/Textures/PalmBark.png,f8bc298c6388e449faa412843092b855,27262,thirdparty_orphan,high,third-party pack file; deleting partial packs may break the pack
Assets/Town Constructor 3/ModularKits/RoadTiles/RoadB.fbx,3b4a3ab1a53c8904dbeab607f759cb14,27168,thirdparty_orphan,high,third-party pack file; deleting partial packs may break the pack
Assets/Town Constructor 3/ModularKits/Building7/B7_Wall_Arc_Middle.fbx,e5b38a42a97ae4245b2220b0dd51c80b,27024,thirdparty_orphan,high,third-party pack file; deleting partial packs may break the pack
Assets/Residential Buildings Pack/Source/Imports/Colliders/COL_Chapel.fbx,3b69ee04d58a81748b797014779245b1,26988,thirdparty_orphan,high,third-party pack file; deleting partial packs may break the pack
Assets/Town Constructor 3/ModularKits/RoadTiles/RoadC.fbx,2a39f171916e9e24aa687ad4ee8095cb,26880,thirdparty_orphan,high,third-party pack file; deleting partial packs may break the pack
Assets/ModularProceduralBuildings/Models/building2-floor.fbx,d05a0782b9ab02cd1898dd07dc268143,26876,thirdparty_orphan,high,third-party pack file; deleting partial packs may break the pack
Assets/Town Constructor 3/ModularKits/Props/RoadSign1.fbx,eb03c36089fea8948896536f3d396fcd,26848,thirdparty_orphan,high,third-party pack file; deleting partial packs may break the pack
Assets/Residential Buildings Pack/Demo/Residentials_Night_PostProcessing.asset,babd78395beeb554ba666655f1dbf2e0,26738,thirdparty_orphan,high,third-party pack file; deleting partial packs may break the pack
Assets/Town Constructor 3/ModularKits/ModularWallStructures/MWS_LOW/StreetWall_CornerCurved_LOW.fbx,cea5c5e605978a5448e56c23dbc78a39,26736,thirdparty_orphan,high,third-party pack file; deleting partial packs may break the pack
Assets/Town Constructor 3/ModularKits/RoadTiles/Road_RiverPlatformCorner.FBX,7c07049dd30aff2469a3869aba5dbbfd,26704,thirdparty_orphan,high,third-party pack file; deleting partial packs may break the pack
Assets/Town Constructor 3/ModularKits/ModularWallStructures/MWS_LOW/StreetWall_CornerShort_LOW.fbx,4abb606ed83e7db49b26e07f6fba7e0b,26672,thirdparty_orphan,high,third-party pack file; deleting partial packs may break the pack
Assets/StreamingAssets/Recap Instructions VC/Recap Instructions VC-1.png,21a3e8ec3234c47fca06176cb9533d70,26603,protected,excluded,StreamingAssets/Resources (loaded by path)
Assets/StreamingAssets/Images/Recap Instructions VC/Recap Instructions VC-1.png,1bbe628314cc5452a854c2f0141e2f88,26603,protected,excluded,StreamingAssets/Resources (loaded by path)
Assets/InputManager/Addons/UIInputModule/Editor/Resources/ui_input_modules/unity_2018_3_classic.txt,25278a7217546014582d663468fba0e9,26555,protected,excluded,StreamingAssets/Resources (loaded by path)
Assets/PrimitivePlus/Resources/Meshes/Icosphere.asset,ca2aef0924606480ea418440cf98d559,26512,protected,excluded,StreamingAssets/Resources (loaded by path)
Assets/Town Constructor 3/ModularKits/Shops/ShopGreenCorner_TubeCover.fbx,10942616a62bc4046a64a3dddd9d588f,26480,thirdparty_orphan,high,third-party pack file; deleting partial packs may break the pack
Assets/Town Constructor 3/ModularKits/Shops/ShopBlueCorner_TubeCover.fbx,b0dae6e35b5ba8a4782df9761f946790,26416,thirdparty_orphan,high,third-party pack file; deleting partial packs may break the pack
Assets/Town Constructor 3/ModularKits/ModularWallStructures/MWS_LOW/WallLight_LOW.fbx,11330e65c62f1004facb6687abf4f145,26400,thirdparty_orphan,high,third-party pack file; deleting partial packs may break the pack
Assets/Town Constructor 3/ModularKits/Shops/ShopRedCorner_TubeCover.fbx,3dffc67f2363dba48849f0ae5b0accae,26384,thirdparty_orphan,high,third-party pack file; deleting partial packs may break the pack
Assets/Town Constructor 3/ModularKits/OnBuildingMisc/WindowYellowFrame.fbx,c1c140ced46b88e4b812d8e7924dcf34,26384,thirdparty_orphan,high,third-party pack file; deleting partial packs may break the pack
Assets/Town Constructor 3/ModularKits/OnBuildingMisc/WindowBlueFrame.fbx,82808f79bf764734ab25ac7036027967,26368,thirdparty_orphan,high,third-party pack file; deleting partial packs may break the pack
Assets/KrisDevelopment/EasyRoadsMeshGen_CS/Example/ExampleResources/crossroad/sidewalk_uv specular.png,e81f27b5b2bd0784fb9b80228f4fac1d,26275,thirdparty_orphan,high,third-party pack file; deleting partial packs may break the pack
Assets/InputManager/Examples/02 - InputAdapter/Scenes/example_2.unity,f97a754a524174845a8c610d0d46bbdf,26264,thirdparty_orphan,high,third-party pack file; deleting partial packs may break the pack
Assets/ModularProceduralBuildings/Documentation.pdf,3ff6927bcfb78ed2ba02663bb97f312c,26191,thirdparty_orphan,high,third-party pack file; deleting partial packs may break the pack
Assets/Town Constructor 3/ModularKits/Building6/B6_Wall_Flat.fbx,366bff732cc4d6948ad0c8771ebd8c7c,26160,thirdparty_orphan,high,third-party pack file; deleting partial packs may break the pack
Assets/Town Constructor 3/ModularKits/Building1/B1_RoofFlat.fbx,5461c7505c424cb48b96fb6b2b544f5a,26144,thirdparty_orphan,high,third-party pack file; deleting partial packs may break the pack
Assets/Town Constructor 3/ModularKits/Building3/B3B_Wall_Flat.fbx,1e52e629ae3c4ec419cb225eaf64b17c,26112,thirdparty_orphan,high,third-party pack file; deleting partial packs may break the pack
Assets/Town Constructor 3/ModularKits/Building6/B6_Seam_Ground.fbx,30babf36d681e89449d39c6241962c6e,25664,thirdparty_orphan,high,third-party pack file; deleting partial packs may break the pack
Assets/Town Constructor 3/ModularKits/Building3/B3B_Seam_Ground.fbx,e0c0dab7265b80041ab3b3fe46903763,25664,thirdparty_orphan,high,third-party pack file; deleting partial packs may break the pack
Assets/Town Constructor 3/ModularKits/Props/RoadBlocker4.fbx,482be85355a477844bddc9e947fe732a,25648,thirdparty_orphan,high,third-party pack file; deleting partial packs may break the pack
Assets/Town Constructor 3/ModularKits/Props/RoadSign2.fbx,ce8223c098e89a04da272700e333dbd7,25536,thirdparty_orphan,high,third-party pack file; deleting partial packs may break the pack
Assets/Town Constructor 3/ModularKits/Building1/B1_LOW/B1_RoofHighWindow_LOW.fbx,1aa55811483cd824bbc7a51b2ced2445,25360,thirdparty_orphan,high,third-party pack file; deleting partial packs may break the pack
Assets/Town Constructor 3/ModularKits/Building4/B4_MetalSeam_Long.fbx,765efdb4ed7d3b040ab455b351aafb2d,25344,thirdparty_orphan,high,third-party pack file; deleting partial packs may break the pack
Assets/Town Constructor 3/ModularKits/ModularWallStructures/MWS_LOW/StreetWall_Curved_LOW.fbx,7475de7c408114b4aa1bc38b868e4a1a,25328,thirdparty_orphan,high,third-party pack file; deleting partial packs may break the pack
Assets/Town Constructor 3/ModularKits/ModularWallStructures/MWS_LOW/StreetWall_CurvedShort_LOW.fbx,79ade47e0cf318348a129da6af5cddcd,25312,thirdparty_orphan,high,third-party pack file; deleting partial packs may break the pack
Assets/ModularProceduralBuildings/Prefabs/Modular Pieces/Building1/building1-top (1).prefab,3e5efbc63a434bbcf88625b40e0728e3,25245,thirdparty_orphan,high,third-party pack file; deleting partial packs may break the pack
Assets/ModularProceduralBuildings/Prefabs/Modular Pieces/Building5/buiilding5-top.prefab,b3770aa927d08be2ea447aba862aadfd,25236,thirdparty_orphan,high,third-party pack file; deleting partial packs may break the pack
Assets/Town Constructor 3/ModularKits/Building1/B1_LOW/B1_RoofHighCorner_LOW.fbx,d62c066802cb3d34897d6ed284b4a912,25216,thirdparty_orphan,high,third-party pack file; deleting partial packs may break the pack
Assets/ModularProceduralBuildings/Prefabs/Modular Pieces/Building1/building1.002 (1).prefab,aaa01969541bdfbb28e620b043a4b7eb,25159,thirdparty_orphan,high,third-party pack file; deleting partial packs may break the pack
Assets/Town Constructor 3/ModularKits/Building1/B1_LOW/B1_RoofShortWindow_LOW.fbx,90b06bc569e7a914d936570b142e5ec7,25040,thirdparty_orphan,high,third-party pack file; deleting partial packs may break the pack
Assets/Residential Buildings Pack/Source/Imports/Mailbox4.fbx,a4b0d9fbf5d66ae46b045be33a5b55e5,24956,thirdparty_orphan,high,third-party pack file; deleting partial packs may break the pack
Assets/Town Constructor 3/ModularKits/Building6/B6_Seam_Short.fbx,12735f67616a709428495cc49b8940bb,24784,thirdparty_orphan,high,third-party pack file; deleting partial packs may break the pack
Assets/Residential Buildings Pack/Source/Imports/Mailbox2.fbx,d6c39b56ae36c8740ae2a8a42896c664,24764,thirdparty_orphan,high,third-party pack file; deleting partial packs may break the pack
Assets/Town Constructor 3/ModularKits/Building3/B3B_Seam.fbx,32de289a9f609c746840cf4c5c23f3bb,24736,thirdparty_orphan,high,third-party pack file; deleting partial packs may break the pack
Assets/Town Constructor 3/ModularKits/Building6/B6_Seam.fbx,4cf8f08eb21c9094fb66899fb754439f,24720,thirdparty_orphan,high,third-party pack file; deleting partial packs may break the pack
Assets/Plugins/Accord.Controls.Audio.dll,f2c1a9de762b6d5439e812920a8119ad,24576,orphan,high,not referenced by any scene
Assets/Town Constructor 3/ModularKits/Building8/B8_LOW/B8_Roof_Corner_LOW.fbx,2fec98ee90c4b1e44a4c3e0fe0f47450,24544,thirdparty_orphan,high,third-party pack file; deleting partial packs may break the pack
Assets/Town Constructor 3/ModularKits/Building8/B8_LOW/B8B_Roof_Corner_LOW.fbx,ea95127b4f525894797c8adb09a886ed,24544,thirdparty_orphan,high,third-party pack file; deleting partial packs may break the pack
Assets/Town Constructor 3/ModularKits/Building7/B7_LOW/B7_Wall_Arc_LOW.fbx,eb04f6fdd0f41bf4fbb0f08ceb65978f,24512,thirdparty_orphan,high,third-party pack file; deleting partial packs may break the pack
Assets/Town Constructor 3/ModularKits/Building6/B6_Wall_Side.fbx,b3750dfef1b50e74599841c5c05affcc,24416,thirdparty_orphan,high,third-party pack file; deleting partial packs may break the pack
Assets/Residential Buildings Pack/Source/Imports/Road_Driveway_marking.fbx,c7ac3cef1f4c02f4ebbe3c4d5b0c8344,24316,thirdparty_orphan,high,third-party pack file; deleting partial packs may break the pack
Assets/Town Constructor 3/ModularKits/Props/PropsSuperLOW/RoadSign1_LOW.FBX,1f460846c7f6e0341bcca5c131faf81a,24176,thirdparty_orphan,high,third-party pack file; deleting partial packs may break the pack
Assets/Town Constructor 3/ModularKits/Building7/B7_Wall_Side_Stone.fbx,23c883d74132fca4e8a1d5f8eac2ceb7,24144,thirdparty_orphan,high,third-party pack file; deleting partial packs may break the pack
Assets/Town Constructor 3/ModularKits/Building6/B6_Wall_Side_Short.fbx,189105b73681d7d48863da99ecc6b398,24144,thirdparty_orphan,high,third-party pack file; deleting partial packs may break the pack
Assets/Town Constructor 3/ModularKits/Props/PropsSuperLOW/RoadSign2_LOW.FBX,a1e93e1357fe9304eaf402f5a46b8fde,24144,thirdparty_orphan,high,third-party pack file; deleting partial packs may break the pack
Assets/Residential Buildings Pack/Source/Imports/Trashcan1.fbx,f632f18e71ddbc8429fc1d989d6c55d3,24124,thirdparty_orphan,high,third-party pack file; deleting partial packs may break the pack
Assets/Residential Buildings Pack/Demo/Residentials_PostProcessing.asset,d29a70a933f137e4fad6ed0289aadce2,24118,thirdparty_orphan,high,third-party pack file; deleting partial packs may break the pack
Assets/Town Constructor 3/ModularKits/Building1/B1B_RoofFlat.fbx,c7d78151911fec54994472c452981ba6,24112,thirdparty_orphan,high,third-party pack file; deleting partial packs may break the pack
Assets/Town Constructor 3/ModularKits/Building8/B8_Roof_Flat.fbx,4dafdf8014d16e44983a5fd13062b621,24112,thirdparty_orphan,high,third-party pack file; deleting partial packs may break the pack
Assets/Town Constructor 3/ModularKits/Props/PropsSuperLOW/Trash5_LOW.fbx,9ca2bed24512bec4991e225e3a2ae4cd,24064,thirdparty_orphan,high,third-party pack file; deleting partial packs may break the pack
Assets/Residential Buildings Pack/Source/Imports/Road_Driveway_marking_Double.fbx,4e359dd545a659a4887ace1de6863a9c,23836,thirdparty_orphan,high,third-party pack file; deleting partial packs may break the pack
Assets/Residential Buildings Pack/Source/Imports/Trashcan3.fbx,4514de68b6bff8549976a715f2b00542,23804,thirdparty_orphan,high,third-party pack file; deleting partial packs may break the pack
Assets/PrimitivePlus/Resources/Meshes/SphereHalf.asset,e2088ca135f6c4b6d8e5d76760b863bd,23776,protected,excluded,StreamingAssets/Resources (loaded by path)
Assets/Residential Buildings Pack/Source/Imports/Garage_A6.fbx,6bb160df9a1f70f49adb7c88762b5592,23532,thirdparty_orphan,high,third-party pack file; deleting partial packs may break the pack
Assets/Residential Buildings Pack/Source/Imports/Garage_C3.fbx,dff905817b5aa5442b6a3eddfb5f8c76,23532,thirdparty_orphan,high,third-party pack file; deleting partial packs may break the pack
Assets/StreamingAssets/Routes/tsp_dijk_filt_final.txt,c63d3d1ce72ce4c00b5ff9206abe5322,23524,protected,excluded,StreamingAssets/Resources (loaded by path)
Assets/Residential Buildings Pack/Source/Imports/Garage_D3.fbx,69f6af4025dc6f04ca3b959b6deca3ea,23500,thirdparty_orphan,high,third-party pack file; deleting partial packs may break the pack
Assets/Residential Buildings Pack/Source/Imports/Garage_B3.fbx,5b9007eefc23bc341a5964c189b1c23b,23500,thirdparty_orphan,high,third-party pack file; deleting partial packs may break the pack
Assets/Residential Buildings Pack/Source/Imports/Garage_A7.fbx,8b0ac17310afb13489808e1225de6de7,23500,thirdparty_orphan,high,third-party pack file; deleting partial packs may break the pack
Assets/InputManager/Addons/UIInputModule/Editor/Resources/ui_input_modules/unity_2018_3.txt,c6ccf389f8767a341bb084e4f28e3edc,23499,protected,excluded,StreamingAssets/Resources (loaded by path)
Assets/Residential Buildings Pack/Source/Imports/Garage_D1.fbx,108f5543e58991e4787bb45de5a010c2,23484,thirdparty_orphan,high,third-party pack file; deleting partial packs may break the pack
Assets/Residential Buildings Pack/Source/Imports/Garage_C1.fbx,6a8e6cdcea64cd84480a638c66d5d065,23484,thirdparty_orphan,high,third-party pack file; deleting partial packs may break the pack
Assets/Residential Buildings Pack/Source/Imports/Garage_C5.fbx,828a4c6deee055243a390934ff371209,23484,thirdparty_orphan,high,third-party pack file; deleting partial packs may break the pack
Assets/Residential Buildings Pack/Source/Imports/Garage_B2.fbx,b5ec379fb75963246b1ea462c6b5ec79,23484,thirdparty_orphan,high,third-party pack file; deleting partial packs may break the pack
Assets/Residential Buildings Pack/Source/Imports/Garage_A5-B1.fbx,4a0da375019284b4d9b4a522b9528a05,23484,thirdparty_orphan,high,third-party pack file; deleting partial packs may break the pack
Assets/Residential Buildings Pack/Source/Imports/Garage_B7_D5.fbx,2013dc2d15897a349a708f951af8c4ad,23484,thirdparty_orphan,high,third-party pack file; deleting partial packs may break the pack
Assets/Residential Buildings Pack/Source/Imports/Garage_D4.fbx,ccf473cde00ec7c46a39534702633161,23484,thirdparty_orphan,high,third-party pack file; deleting partial packs may break the pack
Assets/Residential Buildings Pack/Source/Imports/Garage_A2.fbx,eb144920a2fa5c04fae443eac612aa52,23468,thirdparty_orphan,high,third-party pack file; deleting partial packs may break the pack
Assets/Residential Buildings Pack/Source/Imports/Garage_B4.fbx,8b0078b74a0e6e141a231a77c04cb98d,23468,thirdparty_orphan,high,third-party pack file; deleting partial packs may break the pack
Assets/Residential Buildings Pack/Source/Imports/Garage_A1.fbx,62dc4e36c042be44c8eb10143e9abdb1,23468,thirdparty_orphan,high,third-party pack file; deleting partial packs may break the pack
Assets/Residential Buildings Pack/Source/Imports/Garage_C2.fbx,6eeda8a8ee1294d4da44abdd45f7e2f1,23468,thirdparty_orphan,high,third-party pack file; deleting partial packs may break the pack
Assets/ModularProceduralBuildings/Textures/building5-windows_normal.png,377ddb57351586ce2bf85ce113dfeb11,23258,thirdparty_orphan,high,third-party pack file; deleting partial packs may break the pack
Assets/ModularProceduralBuildings/Textures/building5-windows_metallic.png,5ebf132035c5eabe0bc18b23e55fed8f,23248,thirdparty_orphan,high,third-party pack file; deleting partial packs may break the pack
Assets/Town Constructor 3/ModularKits/Building7/B7_LOW/B7_Wall_Arc_Middle_LOW.fbx,511668d7edd5a964ea1de88535d969a3,23216,thirdparty_orphan,high,third-party pack file; deleting partial packs may break the pack
Assets/Town Constructor 3/ModularKits/Building1/B1_LOW/B1_RoofHigh_LOW.fbx,d68f85ee7e669a44ba571edd2aaf1796,23200,thirdparty_orphan,high,third-party pack file; deleting partial packs may break the pack
Assets/Town Constructor 3/ModularKits/Building8/B8_LOW/B8B_Roof_LOW.fbx,f5700f6b6d9ef6d4f80957f0aab28bda,23168,thirdparty_orphan,high,third-party pack file; deleting partial packs may break the pack
Assets/Town Constructor 3/ModularKits/Building8/B8_LOW/B8_Roof_LOW.fbx,95cffd2c59a5b3545bcc87c0aa811cf1,23168,thirdparty_orphan,high,third-party pack file; deleting partial packs may break the pack
Assets/Residential Buildings Pack/Source/Imports/Trashcan6.fbx,2d4e30f8c624b4242a790e323bcfefc8,23164,thirdparty_orphan,high,third-party pack file; deleting partial packs may break the pack
Assets/Town Constructor 3/ModularKits/Shops/ShopYelloCorner_Cover.fbx,536cdd61cf6950d46b00f3f24b527df5,23152,thirdparty_orphan,high,third-party pack file; deleting partial packs may break the pack
Assets/Town Constructor 3/ModularKits/Shops/ShopPurpleCorner_Cover.fbx,493804f54c1620f498dda434d7fa3850,23152,thirdparty_orphan,high,third-party pack file; deleting partial packs may break the pack
Assets/Town Constructor 3/ModularKits/Shops/ShopRedCorner_Cover.fbx,43f9c2c7c473d674c867c82425f97197,23136,thirdparty_orphan,high,third-party pack file; deleting partial packs may break the pack
Assets/Residential Buildings Pack/Source/Imports/Road_Driveway.fbx,acc969762b33def4cbcbeabf8fd6de1f,23084,thirdparty_orphan,high,third-party pack file; deleting partial packs may break the pack
Assets/Residential Buildings Pack/Source/Imports/Mailbox1.fbx,22264654bc1dd534ca97b5b2f4844abe,23068,thirdparty_orphan,high,third-party pack file; deleting partial packs may break the pack
Assets/StreamingAssets/Routes/tsp_dijk_filt_final_salon.txt,b4c8da30783c5414ba227a9a22b2c8f9,23064,protected,excluded,StreamingAssets/Resources (loaded by path)
Assets/InputManager/Examples/04 - Local Co-Op/Scenes/example_4.unity,fdb3bb78b8e289a449101e362e1062e2,23033,thirdparty_orphan,high,third-party pack file; deleting partial packs may break the pack
Assets/ModularProceduralBuildings/Prefabs/Modular Pieces/Building2/building2-top.prefab,80e121e53b6679d519f8d1a322d15a89,22942,thirdparty_orphan,high,third-party pack file; deleting partial packs may break the pack
Assets/Town Constructor 3/ModularKits/Building2/B2_LOW/B2B_OuterWall_LOW.fbx,cd942811685e64045b996a39b7288094,22912,thirdparty_orphan,high,third-party pack file; deleting partial packs may break the pack
Assets/Residential Buildings Pack/Source/Imports/Trashcan8_LOD.fbx,6e686aeef378e384cb76f3dee75da941,22908,thirdparty_orphan,high,third-party pack file; deleting partial packs may break the pack
Assets/Town Constructor 3/ModularKits/Building2/B2_LOW/B2_OuterWall_LOW.fbx,23de1c142b0712345b2f221c7edaf879,22832,thirdparty_orphan,high,third-party pack file; deleting partial packs may break the pack
Assets/ModularProceduralBuildings/Textures/ac3_roughness.png,7524585423ab2aafbbd52da2eaa05958,22822,thirdparty_orphan,high,third-party pack file; deleting partial packs may break the pack
Assets/Town Constructor 3/ModularKits/Props/PropsSuperLOW/SideStairs2_LOW.FBX,38c3612e74970d94d93c3153a451428d,22816,thirdparty_orphan,high,third-party pack file; deleting partial packs may break the pack
Assets/ModularProceduralBuildings/Textures/ac4_roughness.png,43c6439f075c6ece6a1489eeae5c6f3b,22774,thirdparty_orphan,high,third-party pack file; deleting partial packs may break the pack
Assets/ModularProceduralBuildings/Textures/ac4_metallic.png,ff1f014978d9a744ea3f16be6be4509e,22774,thirdparty_orphan,high,third-party pack file; deleting partial packs may break the pack
Assets/ModularProceduralBuildings/Textures/ac2_roughness.png,5a8d57274f496ca4c8a8fc37093073a1,22763,thirdparty_orphan,high,third-party pack file; deleting partial packs may break the pack
Assets/Town Constructor 3/ModularKits/ModularWallStructures/MWS_LOW/WallStreatPillar2_LOW.fbx,b0e2e9583feed9c4c87e5f3531045af4,22736,thirdparty_orphan,high,third-party pack file; deleting partial packs may break the pack
Assets/Town Constructor 3/ModularKits/ModularWallStructures/MWS_LOW/WallStreatPillar4_LOW.fbx,67077bdebf52e3c4193150fcf05a7cd7,22736,thirdparty_orphan,high,third-party pack file; deleting partial packs may break the pack
Assets/Residential Buildings Pack/Source/Imports/Trashcan7.fbx,ff228a94348dce54dabeb8072bddc115,22700,thirdparty_orphan,high,third-party pack file; deleting partial packs may break the pack
Assets/Town Constructor 3/ModularKits/Props/PropsSuperLOW/FireStairs_LOW.fbx,6ec8ba3476a60af43b464ceaa6c57e92,22688,thirdparty_orphan,high,third-party pack file; deleting partial packs may break the pack
Assets/Town Constructor 3/ModularKits/Building4/B4_LOW/B4_Seam_Stone_LOW.fbx,09bac7d3e5f07c447b36f53a71e895a2,22688,thirdparty_orphan,high,third-party pack file; deleting partial packs may break the pack
Assets/Residential Buildings Pack/Source/Imports/Fence1.fbx,4980fa1a59ee7f048a9ac0a6c1f1935d,22668,thirdparty_orphan,high,third-party pack file; deleting partial packs may break the pack
Assets/Town Constructor 3/ModularKits/ModularWallStructures/MWS_LOW/StreetWall_LOW.fbx,e38807248662110449991a1abc3e21ac,22640,thirdparty_orphan,high,third-party pack file; deleting partial packs may break the pack
Assets/Residential Buildings Pack/Source/Imports/Road_narrower_left_marking.fbx,766e59c96b549ac49801bfeccb3fe4ea,22636,thirdparty_orphan,high,third-party pack file; deleting partial packs may break the pack
Assets/Residential Buildings Pack/Source/Imports/Road_narrower_right_marking.fbx,fd3e4aa84a407624cadb933779f98282,22604,thirdparty_orphan,high,third-party pack file; deleting partial packs may break the pack
Assets/Town Constructor 3/ModularKits/ModularWallStructures/MWS_LOW/StreetWall_Corner_LOW.fbx,a6a62f73705aea243856c2f78f40a453,22592,thirdparty_orphan,high,third-party pack file; deleting partial packs may break the pack
Assets/Town Constructor 3/ModularKits/Building7/B7_LOW/B7_Roof_LongBricks_LOW.fbx,0b4c3650642558048b17f232c0f16fd3,22560,thirdparty_orphan,high,third-party pack file; deleting partial packs may break the pack
Assets/Town Constructor 3/ModularKits/Props/PropsSuperLOW/RoadBlocker8_LOW.fbx,9306704d3d1103d409f65efecc454246,22560,thirdparty_orphan,high,third-party pack file; deleting partial packs may break the pack
Assets/Town Constructor 3/ModularKits/Props/PropsSuperLOW/RoadBlocker4_LOW.fbx,4dee605c163613d44b789b579229dc0c,22560,thirdparty_orphan,high,third-party pack file; deleting partial packs may break the pack
Assets/Town Constructor 3/ModularKits/Building7/B7_LOW/B7_Roof_Bricks_LOW.fbx,e7e8fb19225567e4c8a26be4dccfd3cb,22544,thirdparty_orphan,high,third-party pack file; deleting partial packs may break the pack
Assets/KrisDevelopment/EasyRoadsMeshGen_CS/Scripts/Extensions/ArrayExampleResources/road_guard_rails/road_ramp.fbx,b294602687c336a49bda484080686b3e,22524,thirdparty_orphan,high,third-party pack file; deleting partial packs may break the pack
Assets/Town Constructor 3/ModularKits/Building6/B6_LOW/B6_Roof_LOW.fbx,1a28e5c545f5675498463c3220d5a964,22496,thirdparty_orphan,high,third-party pack file; deleting partial packs may break the pack
Assets/ModularProceduralBuildings/Textures/ac1_roughness.png,76a92c479db7eafb0a509d7e8e6514d3,22414,thirdparty_orphan,high,third-party pack file; deleting partial packs may break the pack
Assets/Town Constructor 3/ModularKits/ModularWallStructures/MWS_LOW/WallStreatPillar3_LOW.fbx,be50cd6b82c926b4c9a1cd31fc1ff352,22288,thirdparty_orphan,high,third-party pack file; deleting partial packs may break the pack
Assets/Town Constructor 3/ModularKits/OnBuildingMisc/OnBuildingMisc_LOW/WindowBlue_LOW.fbx,fa7d401237f28fd4e8cd23b8af4c7b34,22288,thirdparty_orphan,high,third-party pack file; deleting partial packs may break the pack
Assets/Residential Buildings Pack/Source/Imports/Trashcan5.fbx,aa7a3579158b2f44498c9af08d2bf79e,22284,thirdparty_orphan,high,third-party pack file; deleting partial packs may break the pack
Assets/Town Constructor 3/ModularKits/Building3/B3_LOW/B3_Wall_FirePlaceTube_LOW.fbx,8474f785ecdebc542abc133c79d65304,22272,thirdparty_orphan,high,third-party pack file; deleting partial packs may break the pack
Assets/ModularProceduralBuildings/Instructions.pdf,ea0d9854a860941b99733a6ce29a09e5,22245,thirdparty_orphan,high,third-party pack file; deleting partial packs may break the pack
Assets/Town Constructor 3/ModularKits/Building7/B7_LOW/B7_Roof_Mid_1_LOW.fbx,7a4797a284d1fa74caabf1c57492e141,22208,thirdparty_orphan,high,third-party pack file; deleting partial packs may break the pack
Assets/Town Constructor 3/ModularKits/OnBuildingMisc/OnBuildingMisc_LOW/WindowYellow_LOW.fbx,249c64500a6c1224781ba995e40a590c,22208,thirdparty_orphan,high,third-party pack file; deleting partial packs may break the pack
Assets/Residential Buildings Pack/Source/Textures/Porchlight_Emission.png,274c32e7b692c7f4f884531bbc001ed3,22198,thirdparty_orphan,high,third-party pack file; deleting partial packs may break the pack
Assets/Residential Buildings Pack/Source/Imports/Road_End.fbx,eeada553d45f1b74eb4e6930b95c6271,22092,thirdparty_orphan,high,third-party pack file; deleting partial packs may break the pack
Assets/Town Constructor 3/ModularKits/Building8/B8_LOW/B8B_Wall_Corner_Ground_WindowHalf_LOW.fbx,ee3e8cbe60328e045a18b66c96e4387a,21888,thirdparty_orphan,high,third-party pack file; deleting partial packs may break the pack
Assets/PrimitivePlus/Resources/Meshes/CubeHollow.asset,ae55d04c09fdf43769fc210f3ebade4f,21876,protected,excluded,StreamingAssets/Resources (loaded by path)
Assets/Town Constructor 3/ModularKits/Building8/B8_LOW/B8_Wall_Corner_Ground_WindowHalf_LOW.fbx,cc4055cec81b49e4298adef2b3f1619f,21872,thirdparty_orphan,high,third-party pack file; deleting partial packs may break the pack
Assets/Town Constructor 3/ModularKits/Building8/B8_LOW/B8B_Wall_Corner_Ground_Window_LOW.fbx,6fb06c9e29a1a45419f7d1afe28ef62c,21872,thirdparty_orphan,high,third-party pack file; deleting partial packs may break the pack
Assets/Town Constructor 3/ModularKits/Building8/B8_LOW/B8B_Wall_Corner_HalfWindow_LOW.fbx,90e39a5d5daca29409319704c74eb5bd,21856,thirdparty_orphan,high,third-party pack file; deleting partial packs may break the pack
Assets/Town Constructor 3/ModularKits/Building8/B8_LOW/B8_Wall_Corner_HalfWindow_LOW.fbx,2a488e51e58695e408b83b2e45510535,21856,thirdparty_orphan,high,third-party pack file; deleting partial packs may break the pack
Assets/Town Constructor 3/ModularKits/Building8/B8_LOW/B8_Wall_Corner_Ground_Window_LOW.fbx,3b06e2d466abf294ba847268cae8c162,21856,thirdparty_orphan,high,third-party pack file; deleting partial packs may break the pack
Assets/Town Constructor 3/ModularKits/Building8/B8_LOW/B8_Wall_Corner_Window_LOW.fbx,421f8b0e57711c645a5906befee88e05,21840,thirdparty_orphan,high,third-party pack file; deleting partial packs may break the pack
Assets/Town Constructor 3/ModularKits/Building8/B8_LOW/B8B_Wall_Corner_Window_LOW.fbx,7c2ef566ba74189429f6a329775e3d66,21840,thirdparty_orphan,high,third-party pack file; deleting partial packs may break the pack
Assets/Town Constructor 3/ModularKits/Building2/B2_LOW/B2_WallCorner_Window2_LOW.fbx,69587218b21facf469f27f6f245a93d7,21840,thirdparty_orphan,high,third-party pack file; deleting partial packs may break the pack
Assets/Town Constructor 3/ModularKits/Building2/B2_LOW/B2B_WallCorner_Window2_LOW.fbx,19cee1e3352170d4e9b96beb7ae59770,21840,thirdparty_orphan,high,third-party pack file; deleting partial packs may break the pack
Assets/Town Constructor 3/ModularKits/Building2/B2_LOW/B2B_WallCorner_Window3_LOW.fbx,e76a3aeaa87cccd4e81bbbc59e8c3f8d,21840,thirdparty_orphan,high,third-party pack file; deleting partial packs may break the pack
Assets/Town Constructor 3/ModularKits/Building2/B2_LOW/B2B_WallCorner_Window_LOW.fbx,d3455923e387f844e8e3f28d98284a35,21840,thirdparty_orphan,high,third-party pack file; deleting partial packs may break the pack
Assets/DefaultControls.xml,5d5afb449d9724d568d02f53621c7f79,21580,orphan,high,not referenced by any scene
Assets/Residential Buildings Pack/Demo/Demo_Night/Lightmap-7_comp_shadowmask.png,c362e91374c49b94a84f4e55d159194a,21523,thirdparty_orphan,high,third-party pack file; deleting partial packs may break the pack
Assets/Town Constructor 3/ModularKits/Building4/B4_LOW/B4_Corner_Wall_Window_Long_LOW.fbx,0fda3445064b2c54aa1c414ba9f89f73,21504,thirdparty_orphan,high,third-party pack file; deleting partial packs may break the pack
Assets/Town Constructor 3/ModularKits/Building1/B1_LOW/B1_WallArcWindow_LOW.fbx,43fbd5c9654287c49b25d20db04f7a85,21488,thirdparty_orphan,high,third-party pack file; deleting partial packs may break the pack
Assets/Town Constructor 3/ModularKits/Building2/B2_LOW/B2B_Wall_Window2_LOW.fbx,a8ca40dbfd33ae346b47ac2ddba84983,21488,thirdparty_orphan,high,third-party pack file; deleting partial packs may break the pack
Assets/Town Constructor 3/ModularKits/Building2/B2_LOW/B2B_Wall_Window3_LOW.fbx,665f5c0e0a519744c80c6e28fd9c0c5d,21488,thirdparty_orphan,high,third-party pack file; deleting partial packs may break the pack
Assets/Town Constructor 3/ModularKits/Building1/B1_LOW/B1B_RoofFlat_LOW.fbx,40425d220dc041e43956d5188624acef,21472,thirdparty_orphan,high,third-party pack file; deleting partial packs may break the pack
Assets/Town Constructor 3/ModularKits/Building6/B6_LOW/B6_Wall_Window_LOW.fbx,1ffb52ef8c035f749aafd879a3597ab3,21472,thirdparty_orphan,high,third-party pack file; deleting partial packs may break the pack
Assets/Town Constructor 3/ModularKits/Building6/B6_LOW/B6_Wall_Flat_LOW.fbx,892dd4a4439bc1444a999b2546652479,21472,thirdparty_orphan,high,third-party pack file; deleting partial packs may break the pack
Assets/Town Constructor 3/ModularKits/Building8/B8_LOW/B8_Wall_Door_LOW.fbx,b665d0d736a661c449c727a09d0a5b60,21472,thirdparty_orphan,high,third-party pack file; deleting partial packs may break the pack
Assets/Town Constructor 3/ModularKits/Building8/B8_LOW/B8_Roof_Flat_LOW.fbx,b0c13dbc3ae2ac64db25873d9ae66d02,21472,thirdparty_orphan,high,third-party pack file; deleting partial packs may break the pack
Assets/Town Constructor 3/ModularKits/Building8/B8_LOW/B8B_Wall_Flat_LOW.fbx,b7321ee8e657be840b862a0e74a966b4,21472,thirdparty_orphan,high,third-party pack file; deleting partial packs may break the pack
Assets/Town Constructor 3/ModularKits/Building8/B8_LOW/B8B_Wall_Door_LOW.fbx,5c890dbd74c72234f82509567ac65d78,21472,thirdparty_orphan,high,third-party pack file; deleting partial packs may break the pack
Assets/Town Constructor 3/ModularKits/Building8/B8_LOW/B8_Wall_Window_LOW.fbx,3fd8aa8e2256e5a4587197b262d56934,21472,thirdparty_orphan,high,third-party pack file; deleting partial packs may break the pack
Assets/Town Constructor 3/ModularKits/Building8/B8_LOW/B8_Wall_Flat_LOW.fbx,f40e6c1ace84ca54497274a3f9b76888,21472,thirdparty_orphan,high,third-party pack file; deleting partial packs may break the pack
Assets/Town Constructor 3/ModularKits/Building8/B8_LOW/B8B_Wall_Window_LOW.fbx,2d56049d8ef1f9f4f80b06b55b317806,21472,thirdparty_orphan,high,third-party pack file; deleting partial packs may break the pack
Assets/Town Constructor 3/ModularKits/Building3/B3_LOW/B3B_Wall_Flat_LOW.fbx,8e86546a399de2544a3aec3e8b1483af,21472,thirdparty_orphan,high,third-party pack file; deleting partial packs may break the pack
Assets/Town Constructor 3/ModularKits/Building2/B2_LOW/B2B_Wall_Door_LOW.fbx,849c2b8787e08eb40890b853d321ca2d,21472,thirdparty_orphan,high,third-party pack file; deleting partial packs may break the pack
Assets/Town Constructor 3/ModularKits/Building2/B2_LOW/B2_Wall_Window2_LOW.fbx,4b441d13dad0066449b2815655f7b8e8,21472,thirdparty_orphan,high,third-party pack file; deleting partial packs may break the pack
Assets/Town Constructor 3/ModularKits/Building2/B2_LOW/B2B_Wall_Window_LOW.fbx,394d90f1bc150364d8a6d768718d02fd,21472,thirdparty_orphan,high,third-party pack file; deleting partial packs may break the pack
Assets/Town Constructor 3/ModularKits/Building2/B2_LOW/B2B_Wall_Flat_LOW.fbx,870c335edc0c8304291cef6774d658fc,21472,thirdparty_orphan,high,third-party pack file; deleting partial packs may break the pack
Assets/Town Constructor 3/ModularKits/Building2/B2_LOW/B2_Wall_Flat_LOW.fbx,ae3547f416b0e114fac314c704691b3a,21472,thirdparty_orphan,high,third-party pack file; deleting partial packs may break the pack
Assets/Town Constructor 3/ModularKits/Building1/B1_LOW/B1_RoofFlat_LOW.fbx,659793532d679864b82b5aa2d61702db,21456,thirdparty_orphan,high,third-party pack file; deleting partial packs may break the pack
Assets/Town Constructor 3/ModularKits/Building6/B6_LOW/B6_Entrance_LOW.fbx,8f9e5eae8d40e9346b817f64f75810b0,21456,thirdparty_orphan,high,third-party pack file; deleting partial packs may break the pack
Assets/Town Constructor 3/ModularKits/Building11/B11_LOW/B11_WallDoor_LOW.fbx,46844f994581eb24999a082cb46cc178,21440,thirdparty_orphan,high,third-party pack file; deleting partial packs may break the pack
Assets/Town Constructor 3/ModularKits/Building11/B11_LOW/B11_WallFlat_LOW.fbx,8601aa9ff812dd64bbfe6fbdbd25b9eb,21440,thirdparty_orphan,high,third-party pack file; deleting partial packs may break the pack
Assets/Town Constructor 3/ModularKits/Building7/B7_LOW/B7_Wall_Window_Arc_LOW.fbx,8467074c68a92b048a080f7a5d58a189,21248,thirdparty_orphan,high,third-party pack file; deleting partial packs may break the pack
Assets/Town Constructor 3/ModularKits/Building7/B7_LOW/B7_Wall_Side_Stone_LOW.fbx,64a50c0fd9ae7f642afeb4fe60588acf,21248,thirdparty_orphan,high,third-party pack file; deleting partial packs may break the pack
Assets/Town Constructor 3/ModularKits/Building7/B7_LOW/B7_Wall_Window_Blue_LOW.fbx,04e48e4410421be49a57b4e2e335978c,21248,thirdparty_orphan,high,third-party pack file; deleting partial packs may break the pack
Assets/Town Constructor 3/ModularKits/Building7/B7_LOW/B7_Wall_Window_Stone_LOW.fbx,51143ca1b20fcd842bd891454baa11a2,21248,thirdparty_orphan,high,third-party pack file; deleting partial packs may break the pack
Assets/Town Constructor 3/ModularKits/Building7/B7_LOW/B7_Entrance_LOW.fbx,6f9482cc8275fc440bce5bb2cac8e56c,21216,thirdparty_orphan,high,third-party pack file; deleting partial packs may break the pack
Assets/Town Constructor 3/ModularKits/Building4/B4_LOW/B4_DoubleWindow_LOW.fbx,eb72fa5413ba93c41ae08e7066c50b10,21136,thirdparty_orphan,high,third-party pack file; deleting partial packs may break the pack
Assets/Town Constructor 3/ModularKits/Building4/B4_LOW/B4_Wall_Long_LOW.fbx,9f0496e22480abf4b9dfbb598ead658a,21120,thirdparty_orphan,high,third-party pack file; deleting partial packs may break the pack
Assets/Residential Buildings Pack/Source/Imports/Road_narrower_left.fbx,a40d67a95f016434fac0862648be2d2b,21052,thirdparty_orphan,high,third-party pack file; deleting partial packs may break the pack
Assets/Residential Buildings Pack/Source/Imports/Road_narrower_right.fbx,3ceeee87373d8d0419c423ec6e24c98a,21036,thirdparty_orphan,high,third-party pack file; deleting partial packs may break the pack
Assets/PrimitivePlus/Resources/Meshes/CylinderTube.asset,fc089023da14b4107a1959883e74b3fb,21022,protected,excluded,StreamingAssets/Resources (loaded by path)
Assets/PrimitivePlus/Resources/Meshes/CylinderTubeThin.asset,5b7f83c6d96cb42fdb49080e29fe7d9d,20866,protected,excluded,StreamingAssets/Resources (loaded by path)
Assets/Residential Buildings Pack/Source/Imports/Trashcan4.fbx,74069c7d4afd73343ab3decbc6a8433b,20828,thirdparty_orphan,high,third-party pack file; deleting partial packs may break the pack
Assets/ModularProceduralBuildings/Textures/ac2_emission.png,e76ff63c1b93c0ec99907cd1a523fd29,20566,thirdparty_orphan,high,third-party pack file; deleting partial packs may break the pack
Assets/ModularProceduralBuildings/Textures/bench_emission.png,318c3775b9eecd67eab5ce378b5a316a,20566,thirdparty_orphan,high,third-party pack file; deleting partial packs may break the pack
Assets/ModularProceduralBuildings/Textures/ac3_emission.png,cc31d8ea32d450d12a46e718807d7a60,20566,thirdparty_orphan,high,third-party pack file; deleting partial packs may break the pack
Assets/ModularProceduralBuildings/Textures/ac4_emission.png,cdba7a10e343b1904b27124a27655d8a,20566,thirdparty_orphan,high,third-party pack file; deleting partial packs may break the pack
Assets/ModularProceduralBuildings/Textures/ac1_emission.png,490fc3fe8156b9c1aa92c9326e310fd5,20566,thirdparty_orphan,high,third-party pack file; deleting partial packs may break the pack
Assets/ModularProceduralBuildings/Textures/antenna_emission.png,8298c31c8057bfcb8bdcb1c585f8e53e,20566,thirdparty_orphan,high,third-party pack file; deleting partial packs may break the pack
Assets/ModularProceduralBuildings/Models/windows3.fbx,c9a7ea5cac7c4d5da8e843719578ded0,20556,thirdparty_orphan,high,third-party pack file; deleting partial packs may break the pack
Assets/ModularProceduralBuildings/Prefabs/Modular Pieces/Building2/building2-base.001.prefab,5a6393b9658b3a020a98adf16ca89582,20093,thirdparty_orphan,high,third-party pack file; deleting partial packs may break the pack
Assets/Residential Buildings Pack/Demo/Demo_Night/Lightmap-0_comp_shadowmask.png,c8071af119c03694e9b1e8852c2f90e2,19951,thirdparty_orphan,high,third-party pack file; deleting partial packs may break the pack
Assets/Residential Buildings Pack/Source/Imports/Trashcan6_LOD.fbx,2c42b486458482845a7501d97b3db3c9,19772,thirdparty_orphan,high,third-party pack file; deleting partial packs may break the pack
Assets/ModularProceduralBuildings/Models/Cube.008.fbx,e7ffdfc375dd2fda29bdb0b7f3b76dcc,19644,thirdparty_orphan,high,third-party pack file; deleting partial packs may break the pack
Assets/ModularProceduralBuildings/Models/Cube.007.fbx,1bea1323d03d607a784090e998d86038,19644,thirdparty_orphan,high,third-party pack file; deleting partial packs may break the pack
Assets/Residential Buildings Pack/Source/Imports/Road_Wide_Marking.fbx,c4281f225e3feb4459dbd97b3852bc48,19596,thirdparty_orphan,high,third-party pack file; deleting partial packs may break the pack
Assets/Residential Buildings Pack/Source/Imports/Trashcan2.fbx,9b84bffaadec0fb43b062a88b1631863,19420,thirdparty_orphan,high,third-party pack file; deleting partial packs may break the pack
Assets/Residential Buildings Pack/Source/Imports/Road_Marking.fbx,75d8d1226236a374c92700341a0161cf,19404,thirdparty_orphan,high,third-party pack file; deleting partial packs may break the pack
Assets/Residential Buildings Pack/Source/Imports/Trashcan3_LOD.fbx,6af5d40f0cc7ba441b21b00d900284aa,19260,thirdparty_orphan,high,third-party pack file; deleting partial packs may break the pack
Assets/Residential Buildings Pack/Source/Imports/Mailbox.fbx,e592d3c337d9a5141b6e550ce051afb3,19212,thirdparty_orphan,high,third-party pack file; deleting partial packs may break the pack
Assets/ModularProceduralBuildings/Prefabs/Modular Pieces/Building7/building7-top.prefab,38c9e5fc0eb3c477eb42aaa41b9dad67,18974,thirdparty_orphan,high,third-party pack file; deleting partial packs may break the pack
Assets/InputManager/Addons/UIInputModule/Editor/Resources/ui_input_modules/unity_2017_2_classic.txt,f32d9ed3f73fbf44c9a0e8ef64467ed3,18899,protected,excluded,StreamingAssets/Resources (loaded by path)
Assets/Residential Buildings Pack/Source/Imports/Fence2.fbx,adb625d2105703a49b174575da97a18a,18748,thirdparty_orphan,high,third-party pack file; deleting partial packs may break the pack
Assets/Residential Buildings Pack/Source/Imports/Trashcan1_LOD.fbx,c3222afebd2c3cd409c4bfdfd99d33d2,18620,thirdparty_orphan,high,third-party pack file; deleting partial packs may break the pack
Assets/Images/Recap Instructions VC Online/Recap Instructions VC Online-11.png,81f9f246965cb4118bdeb77a7c11b563,18573,orphan,high,not referenced by any scene
Assets/StreamingAssets/Recap Instructions VC Online/Recap Instructions VC Online-11.png,64549a13f55a5497fb59395a13ffb662,18573,protected,excluded,StreamingAssets/Resources (loaded by path)
Assets/Residential Buildings Pack/Source/Imports/Trashcan5_LOD.fbx,a384a87c1ee6d9f41be00631f97d8fb7,18508,thirdparty_orphan,high,third-party pack file; deleting partial packs may break the pack
Assets/InputManager/Addons/UIInputModule/Editor/Resources/ui_input_modules/unity_5_6_classic.txt,795ae42aef019b640a6848f044c30d4f,18481,protected,excluded,StreamingAssets/Resources (loaded by path)
Assets/Residential Buildings Pack/Source/Imports/Road_Wide.fbx,7a873d2e43123344fb94096cc8c4e22f,18204,thirdparty_orphan,high,third-party pack file; deleting partial packs may break the pack
Assets/Scenes/MainMenu/LightingData.asset,9a55efd4f927941328286788e3845fe8,18152,orphan,high,not referenced by any scene
Assets/Residential Buildings Pack/Source/Imports/Trashcan4_LOD.fbx,fe71a34479724334d91c348f0ff1bdf4,17884,thirdparty_orphan,high,third-party pack file; deleting partial packs may break the pack
Assets/InputManager/Examples/03 - Mobile Input/Data/default_input.xml,3793c04a18a561549a97039ee6508c26,17492,thirdparty_orphan,high,third-party pack file; deleting partial packs may break the pack
Assets/InputManager/Examples/01 - Controls Menu/Data/default_input.xml,fae568f18bc79f740958e084bdf1c92b,17391,thirdparty_orphan,high,third-party pack file; deleting partial packs may break the pack
Assets/ModularProceduralBuildings/Prefabs/Plants/gardem9.prefab,8eeb2ead2c27f586c9af38061245283e,17053,thirdparty_orphan,high,third-party pack file; deleting partial packs may break the pack
Assets/Residential Buildings Pack/Source/Imports/Trashcan2_LOD.fbx,abeccdbf0baa83d408d5b284ce762294,16956,thirdparty_orphan,high,third-party pack file; deleting partial packs may break the pack
Assets/StreamingAssets/Routes/tsp_dijk_filt.txt,e4c7dff69035944de8c835a7d1c5db28,16695,protected,excluded,StreamingAssets/Resources (loaded by path)
Assets/InputManager/Examples/05 - X Input/Scenes/example_5_02.unity,a5e57b38db59e7c44af5004427eca2e0,16660,thirdparty_orphan,high,third-party pack file; deleting partial packs may break the pack
Assets/PrimitivePlus/Resources/Meshes/Plane.asset,a2bb82fe8abf046aaae221a3be73fadf,16529,protected,excluded,StreamingAssets/Resources (loaded by path)
Assets/PrimitivePlus/Resources/Meshes/CubeHollowThin.asset,a8e17a1dca6ae437fa693019e5e765dc,16504,protected,excluded,StreamingAssets/Resources (loaded by path)
Assets/Residential Buildings Pack/Demo/Demo_Night/Lightmap-4_comp_shadowmask.png,ba5d529bbda9be34e903bb224cccc9e9,16408,thirdparty_orphan,high,third-party pack file; deleting partial packs may break the pack
Assets/Residential Buildings Pack/Demo/Demo_Night/Lightmap-3_comp_shadowmask.png,5b504f4848d52dd41a4de48ad477ffcd,16408,thirdparty_orphan,high,third-party pack file; deleting partial packs may break the pack
Assets/Routes/tsp_dijk_filt.txt,97f9379f3464d4b2688472c38ecc831d,16385,orphan,high,not referenced by any scene
Assets/Residential Buildings Pack/Source/Imports/Road.fbx,ed911d95e1dc78d42941db76e9edd9b1,16268,thirdparty_orphan,high,third-party pack file; deleting partial packs may break the pack
Assets/Prefabs/Input Manager 1.prefab,db719288f5836459dad1fcf7721e0493,16261,orphan,high,not referenced by any scene
Assets/Residential Buildings Pack/Source/Imports/Trashcan7_LOD.fbx,aa92742573f8a2143886151872460a2e,16252,thirdparty_orphan,high,third-party pack file; deleting partial packs may break the pack
Assets/InputManager/Examples/05 - X Input/Scenes/example_5_01.unity,5e96b4a67c2f7cf4abceb3485afbee46,16101,thirdparty_orphan,high,third-party pack file; deleting partial packs may break the pack
Assets/InputManager/Addons/UIInputModule/Editor/Resources/ui_input_modules/unity_2017_2.txt,790169a32b41874469bb660187505a30,16075,protected,excluded,StreamingAssets/Resources (loaded by path)
Assets/InputManager/Addons/UIInputModule/Editor/Resources/ui_input_modules/unity_5_6.txt,69055ae07be9d944d97adcdfe2dfb817,15664,protected,excluded,StreamingAssets/Resources (loaded by path)
Assets/PostProcessing/Resources/Shaders/AmbientOcclusion.cginc,447591ee3d9d4204899be5fe25968ea0,15655,protected,excluded,StreamingAssets/Resources (loaded by path)
Assets/ModularProceduralBuildings/Models/ac4.fbx,3491ac11d86682d95a1ec149cac9eedd,15308,thirdparty_orphan,high,third-party pack file; deleting partial packs may break the pack
Assets/KrisDevelopment/DistributedInternalUtilities/Icons/bug_report_icon.png,999d2ce7d296c6f4b98875bf1aeeaeed,15036,thirdparty_orphan,high,third-party pack file; deleting partial packs may break the pack
Assets/Residential Buildings Pack/Source/Imports/Plant4.fbx,90d1d102841f98246aeed939ca47a158,14572,thirdparty_orphan,high,third-party pack file; deleting partial packs may break the pack
Assets/Residential Buildings Pack/Source/Imports/Plant2.fbx,084643b346c26624b9589112a905cdcf,14556,thirdparty_orphan,high,third-party pack file; deleting partial packs may break the pack
Assets/Residential Buildings Pack/Source/Imports/Plant1.fbx,4ce74089708fbc34ea876664af7575a3,14540,thirdparty_orphan,high,third-party pack file; deleting partial packs may break the pack
Assets/Residential Buildings Pack/Source/Imports/Plant3.fbx,feb9ebbf97e9bcf4db57dbad8db19df1,14524,thirdparty_orphan,high,third-party pack file; deleting partial packs may break the pack
Assets/Residential Buildings Pack/Source/Shader/LayeredDirt.shader,f0339ff0e46444944bae3e06cfdacc64,14520,thirdparty_orphan,high,third-party pack file; deleting partial packs may break the pack
Assets/Residential Buildings Pack/Source/Imports/Driveway3.fbx,4f815a27f312d524cb652611216919fd,14204,thirdparty_orphan,high,third-party pack file; deleting partial packs may break the pack
Assets/Residential Buildings Pack/Source/Imports/Driveway4.fbx,d3004526cab290748b625550a808a7b7,14188,thirdparty_orphan,high,third-party pack file; deleting partial packs may break the pack
Assets/Residential Buildings Pack/Source/Imports/Driveway2.fbx,ff8412a7c9bfbd74ca52fea59ec69120,14188,thirdparty_orphan,high,third-party pack file; deleting partial packs may break the pack
Assets/Routes/tsp_valid_paths_25_15_12.txt,fa299fe88019c4c28ab7a1bbc8d6a8a6,14023,orphan,high,not referenced by any scene
Assets/InputManager/Examples/Common/Packages/KennyUI/grey_assets.png,7f77c19c1ede452418ef1d57cd07b4c9,13826,thirdparty_orphan,high,third-party pack file; deleting partial packs may break the pack
Assets/ModularProceduralBuildings/Prefabs/Modular Pieces/Building2/building2-floor.prefab,e320b321e8a6a56699947d8b8951556c,13803,thirdparty_orphan,high,third-party pack file; deleting partial packs may break the pack
Assets/InputManager/Examples/Common/Packages/KennyUI/blue_assets.png,1422f91ffd3697e4c8735aee459998c3,13781,thirdparty_orphan,high,third-party pack file; deleting partial packs may break the pack
Assets/InputManager/Examples/Common/Packages/KennyUI/green_assets.png,f4a1cf12c666fd84095074ebd8f291cb,13746,thirdparty_orphan,high,third-party pack file; deleting partial packs may break the pack
Assets/KrisDevelopment/EasyRoadsMeshGen_CS/Prefabs/x_crossroad.prefab,3215063dc858f7347bf9bc95c5a0675c,13628,thirdparty_orphan,high,third-party pack file; deleting partial packs may break the pack
Assets/InputManager/Examples/Common/Packages/KennyUI/orange_assets.png,d5170e837b391d245b93774d4d5676e8,13450,thirdparty_orphan,high,third-party pack file; deleting partial packs may break the pack
Assets/ModularProceduralBuildings/Prefabs/Other/lamp-post2.prefab,e643966141222abaa9a5248a7377aa1c,13384,thirdparty_orphan,high,third-party pack file; deleting partial packs may break the pack
Assets/InputManager/Examples/Common/Packages/KennyUI/yellow_assets.png,76f5c8e7e74687f4399a2cd09e4d876e,13204,thirdparty_orphan,high,third-party pack file; deleting partial packs may break the pack
Assets/Scenes/MainGame/LightingData.asset,5e04ec0f597931943b48abb7b6774bef,13200,orphan,high,not referenced by any scene
Assets/InputManager/Source/Editor/Resources/input_manager_project_settings.txt,18bd88a4e35151541a6cf813d7af4473,13087,protected,excluded,StreamingAssets/Resources (loaded by path)
Assets/ModularProceduralBuildings/Prefabs/Plants/gardem8.prefab,5151f5a0fae09bf1eacaaf85ca0918e5,12630,thirdparty_orphan,high,third-party pack file; deleting partial packs may break the pack
Assets/PostProcessing/Resources/Shaders/MotionBlur.cginc,c83956915580e42489479d2a109470ab,12606,protected,excluded,StreamingAssets/Resources (loaded by path)
Assets/PostProcessing/Utilities/CustomMotionTexture/Textures/UVChecker.png,a08960dd6e8274e7f8fca616e09c48ed,12419,thirdparty_orphan,high,third-party pack file; deleting partial packs may break the pack
Assets/StreamingAssets/Recap Instructions VC Online/Recap Instructions VC Online-01.png,2d8cf3f0a79f34a9f980d8217302570b,11771,protected,excluded,StreamingAssets/Resources (loaded by path)
Assets/PostProcessing/Resources/Shaders/Uber.shader,8ce0a6f4c8cae334d8a5617f302b6769,11666,protected,excluded,StreamingAssets/Resources (loaded by path)
Assets/PrimitivePlus/Resources/Meshes/Cylinder.asset,0bc10bbf05900492a857c64c7b0f4572,11592,protected,excluded,StreamingAssets/Resources (loaded by path)
Assets/PrimitivePlus/Resources/Meshes/ConeHalf.asset,4315edd7af2084ef680a9ae62c3d1c06,11554,protected,excluded,StreamingAssets/Resources (loaded by path)
Assets/KrisDevelopment/EasyRoadsMeshGen_CS/Example/ExampleResources/crossroad/x_cross_collider.fbx,47dae838f258e5b4ebfdf6ad03b27511,11532,thirdparty_orphan,high,third-party pack file; deleting partial packs may break the pack
Assets/ModularProceduralBuildings/Prefabs/Modular Pieces/Building8/building8.prefab,784deb2fa0328008fbcf288030361993,11147,thirdparty_orphan,high,third-party pack file; deleting partial packs may break the pack
Assets/PrimitivePlus/Resources/Meshes/Heart2D.asset,42327c39c7d0f4b02b717e9bd27a94a7,11003,protected,excluded,StreamingAssets/Resources (loaded by path)
Assets/PrimitivePlus/Resources/Meshes/Cross.asset,6e7b426bc5cfb49faa14d91ace2ad76d,10699,protected,excluded,StreamingAssets/Resources (loaded by path)
Assets/Tools/TerrainRotator/DEMO/Scenes/scene_RotationDemo.unity,36f9fc703d384554dac9899ae92303e0,10500,orphan,high,not referenced by any scene
Assets/Images/smooth-star.jpg,68dc9e1cc35ca4a5dac6f817c39901d0,10210,orphan,high,not referenced by any scene
Assets/Scenes/controller.unity,db5a54a41dd694d6c93176d6a3b374aa,10130,review_nonbuild_scene,review,used only by a non-build scene (MainGame/RouteSimulation/controller)
Assets/PrimitivePlus/Resources/Meshes/CubeEdgeOut.asset,7a358ec7484004278b4d6e697c13476c,10087,protected,excluded,StreamingAssets/Resources (loaded by path)
Assets/InputManager/Source/Editor/Resources/input_manager_default_scheme.xml,6e9bf02c39d7a644894331fa0478bd49,9846,protected,excluded,StreamingAssets/Resources (loaded by path)
Assets/KrisDevelopment/EasyRoadsMeshGen_CS/Prefabs/x_crossroad_no_sidewalk.prefab,04a383740689e2c479cadbc57336179e,9577,thirdparty_orphan,high,third-party pack file; deleting partial packs may break the pack
Assets/InputManager/Examples/Common/Packages/FirstPersonController/first_person_controller.prefab,9d4133d5d30b644bd87802a347eaccbe,9250,thirdparty_orphan,high,third-party pack file; deleting partial packs may break the pack
Assets/PrimitivePlus/Resources/Meshes/CubeEdgeIn.asset,1919ddd58f5a74511a2e75642d5d091d,9226,protected,excluded,StreamingAssets/Resources (loaded by path)
Assets/InputManager/Addons/XInput/Plugins/XInputDotNetPure.dll,b36a7f6d28503d045b758e8fb3c40d0f,9216,thirdparty_orphan,high,third-party pack file; deleting partial packs may break the pack
Assets/Residential Buildings Pack/Prefabs/Props/Streetlight_Double.prefab,0c087a2ffe37d464bb548aa58a47616a,8880,thirdparty_orphan,high,third-party pack file; deleting partial packs may break the pack
Assets/PrimitivePlus/Resources/Meshes/IcosphereSmall.asset,8f63658e7c8574ed587fa33d6ddded97,8541,protected,excluded,StreamingAssets/Resources (loaded by path)
Assets/PostProcessing/Resources/Shaders/ScreenSpaceRaytrace.cginc,a92d6fdbe2c35f94190497c18b88f9af,8281,protected,excluded,StreamingAssets/Resources (loaded by path)
Assets/PostProcessing/Editor Resources/UI/MotionBlendingIcon.png,c0fa58091049bd24394fa15b0b6d4c5a,8135,thirdparty_orphan,high,third-party pack file; deleting partial packs may break the pack
Assets/PostProcessing/Resources/Shaders/DepthOfField.cginc,ddc2c19b8a216d748a357ffe32ba4dc1,8133,protected,excluded,StreamingAssets/Resources (loaded by path)
Assets/Residential Buildings Pack/Prefabs/Props/Streetlight.prefab,40b02e8739b479e40ab275c7aa84a3ab,7970,thirdparty_orphan,high,third-party pack file; deleting partial packs may break the pack
Assets/KrisDevelopment/EasyRoadsMeshGen_CS/Tests/TestResources/ERMG_Test_Scene.unity,5f57a426e5ce4574092395ad458bba46,7726,thirdparty_orphan,high,third-party pack file; deleting partial packs may break the pack
Assets/Residential Buildings Pack/Prefabs/Props/porchlight.prefab,dada038de74a7af409d836dd9cd50d87,7691,thirdparty_orphan,high,third-party pack file; deleting partial packs may break the pack
Assets/PrimitivePlus/Resources/Meshes/CylinderHalf.asset,d8d237fde280d42cd901d40b223c2cf9,7680,protected,excluded,StreamingAssets/Resources (loaded by path)
Assets/PrimitivePlus/Resources/Meshes/Star.asset,f45a15a9f052c44faa0586933ac64af8,7563,protected,excluded,StreamingAssets/Resources (loaded by path)
Assets/Town Constructor 3/Prefabs/PropPrefabs/WaterPumpRed_LOD.prefab,aae1b153a52a0ee4793f45d2ded3e4ab,7542,thirdparty_orphan,high,third-party pack file; deleting partial packs may break the pack
Assets/PostProcessing/Utilities/CustomMotionTexture/CustomMotionVectorDebugProfile.asset,d982e879ff67b4d3fb6522d08c3cd5af,7535,thirdparty_orphan,high,third-party pack file; deleting partial packs may break the pack
Assets/Town Constructor 3/Prefabs/PropPrefabs/OnroadBridgeLong_LOD.prefab,2017391557dab184c9d753ce1101cbfc,7533,thirdparty_orphan,high,third-party pack file; deleting partial packs may break the pack
Assets/PostProcessing/New Post-Processing Profile.asset,d658a0904aa7d41488c65767555f81fd,7530,thirdparty_orphan,high,third-party pack file; deleting partial packs may break the pack
Assets/PrimitivePlus/Resources/Meshes/PrismOctagon.asset,1af23e11ba017433097b3de5dbc3dd9a,7501,protected,excluded,StreamingAssets/Resources (loaded by path)
Assets/PrimitivePlus/Resources/Meshes/CubeTube.asset,a1db42a12d3384ec298b8e64d3d5f667,7499,protected,excluded,StreamingAssets/Resources (loaded by path)
Assets/Town Constructor 3/Prefabs/PropPrefabs/StreetLight3_LOD.prefab,edeee374715657a49a88b0d8164eaeba,7492,thirdparty_orphan,high,third-party pack file; deleting partial packs may break the pack
Assets/PrimitivePlus/Resources/Meshes/CubeCorner.asset,8b71e7e35b0384912a028736dc84ce78,7484,protected,excluded,StreamingAssets/Resources (loaded by path)
Assets/PostProcessing/Resources/Shaders/ColorGrading.cginc,26a62c2e30be83547bdfa9fe837165e3,7479,protected,excluded,StreamingAssets/Resources (loaded by path)
Assets/Town Constructor 3/Prefabs/PropPrefabs/Trash2_LOD.prefab,850a0638578301c4d886c90573249095,7469,thirdparty_orphan,high,third-party pack file; deleting partial packs may break the pack
Assets/Town Constructor 3/Prefabs/PropPrefabs/RoadBlocker8_LOD.prefab,1fe4262ddc051dc41a1889621c1c152e,7466,thirdparty_orphan,high,third-party pack file; deleting partial packs may break the pack
Assets/Town Constructor 3/Prefabs/PropPrefabs/RoadBlocker4_LOD.prefab,7e41886cd35b168468c7a431d8d59acd,7465,thirdparty_orphan,high,third-party pack file; deleting partial packs may break the pack
Assets/Town Constructor 3/Prefabs/PropPrefabs/Trash4_LOD.prefab,c06b464d9e34aa546acd4841886b29ad,7448,thirdparty_orphan,high,third-party pack file; deleting partial packs may break the pack
Assets/Town Constructor 3/Prefabs/PropPrefabs/StreetLight1_LOD.prefab,77c118d581a33664ea322f1bf80cf651,7442,thirdparty_orphan,high,third-party pack file; deleting partial packs may break the pack
Assets/Town Constructor 3/Prefabs/PropPrefabs/Trash5_LOD.prefab,f26ec5343f1d97048a41e8998f1cd45b,7438,thirdparty_orphan,high,third-party pack file; deleting partial packs may break the pack
Assets/Town Constructor 3/Prefabs/PropPrefabs/RoadSign1_LOD.prefab,3f6cc93bdce1d8c419b636fc80f5871a,7437,thirdparty_orphan,high,third-party pack file; deleting partial packs may break the pack
Assets/Town Constructor 3/Prefabs/PropPrefabs/LightSign2_LOD.prefab,7c7b6018c3c825141b53d6b674d50fde,7429,thirdparty_orphan,high,third-party pack file; deleting partial packs may break the pack
Assets/Town Constructor 3/Prefabs/PropPrefabs/LightSign1_LOD.prefab,23b33f43812f1fb459011e5003e41a94,7426,thirdparty_orphan,high,third-party pack file; deleting partial packs may break the pack
Assets/Town Constructor 3/Prefabs/PropPrefabs/RoadSign2_LOD.prefab,0ae98174670e2d34c983220ed577d6f9,7420,thirdparty_orphan,high,third-party pack file; deleting partial packs may break the pack
Assets/PostProcessing/Resources/Shaders/BuiltinDebugViews.shader,72127ba7dd8c6b04bb3f29c7ee669813,7323,protected,excluded,StreamingAssets/Resources (loaded by path)
Assets/Residential Buildings Pack/Prefabs/Buildings/Chapel.prefab,4adde40827e0ad34d970e9ef02c4a05f,7204,thirdparty_orphan,high,third-party pack file; deleting partial packs may break the pack
Assets/ModularProceduralBuildings/Prefabs/Other/antenna2.prefab,36f85937762b6211092020eda82ba8b0,7187,thirdparty_orphan,high,third-party pack file; deleting partial packs may break the pack
Assets/Residential Buildings Pack/Prefabs/Props/Mailbox3.prefab,d4e84581f5fd439419317f4e1c52ec40,6997,thirdparty_orphan,high,third-party pack file; deleting partial packs may break the pack
Assets/PrimitivePlus/Resources/Meshes/Cone.asset,869889764e8a84e2fbbfff0a8d09c3e8,6990,protected,excluded,StreamingAssets/Resources (loaded by path)
Assets/KrisDevelopment/EasyRoadsMeshGen_CS/Scripts/Extensions/ArrayExampleResources/Prefabs/road_ramp_lod.prefab,a43aeed8407e678459223e560881e22c,6859,thirdparty_orphan,high,third-party pack file; deleting partial packs may break the pack
Assets/PostProcessing/Resources/Shaders/EyeAdaptation.shader,81899cddfbc72494497a6db0ae045f2c,6814,protected,excluded,StreamingAssets/Resources (loaded by path)
Assets/ModularProceduralBuildings/Textures/lamp-post_emission.png,4c52f51d45904fb89915181e45598170,6808,thirdparty_orphan,high,third-party pack file; deleting partial packs may break the pack
Assets/Residential Buildings Pack/Prefabs/Props/Firehydrant.prefab,f7aa5c340e8bde144ad2354f872fd6a3,6716,thirdparty_orphan,high,third-party pack file; deleting partial packs may break the pack
Assets/Town Constructor 3/Prefabs/MiscPrefabs/WindowGreen.prefab,54ae2a8651039674bb63b9d8a78c8dc1,6633,thirdparty_orphan,high,third-party pack file; deleting partial packs may break the pack
Assets/PostProcessing/Resources/Shaders/TAA.cginc,241b7a6a033e9dc4da9d2595cef7f477,6633,protected,excluded,StreamingAssets/Resources (loaded by path)
Assets/Residential Buildings Pack/Prefabs/SuburbanProps GarbageCans/Trashcan1_LOD.prefab,6653e29760858794e9987f74417ac57b,6607,thirdparty_orphan,high,third-party pack file; deleting partial packs may break the pack
Assets/Residential Buildings Pack/Prefabs/SuburbanProps GarbageCans/Trashcan5_LOD.prefab,4bfbd73634225df46925c990d12d60c0,6606,thirdparty_orphan,high,third-party pack file; deleting partial packs may break the pack
Assets/Town Constructor 3/Prefabs/MiscPrefabs/WindowBlue.prefab,34cce49c0a9bb5243992806c28a54716,6606,thirdparty_orphan,high,third-party pack file; deleting partial packs may break the pack
Assets/Residential Buildings Pack/Prefabs/SuburbanProps GarbageCans/Trashcan2_LOD.prefab,4d9e226907a4e6d43886a526233e401c,6604,thirdparty_orphan,high,third-party pack file; deleting partial packs may break the pack
Assets/Residential Buildings Pack/Prefabs/SuburbanProps GarbageCans/Trashcan7_LOD.prefab,f9a09df1a9d4b0049ae923f507b14625,6594,thirdparty_orphan,high,third-party pack file; deleting partial packs may break the pack
Assets/Residential Buildings Pack/Prefabs/SuburbanProps GarbageCans/Trashcan6_LOD.prefab,009eb90f4a146aa4a9afe03b08e86953,6593,thirdparty_orphan,high,third-party pack file; deleting partial packs may break the pack
Assets/Residential Buildings Pack/Prefabs/SuburbanProps GarbageCans/Trashcan3_LOD.prefab,3c64e34b97a696542bf15ef2ac01fccb,6589,thirdparty_orphan,high,third-party pack file; deleting partial packs may break the pack
Assets/Town Constructor 3/Prefabs/MiscPrefabs/WindowRed.prefab,0dfc74c31a73f3c4c872a2f7c7962c0a,6585,thirdparty_orphan,high,third-party pack file; deleting partial packs may break the pack
Assets/Town Constructor 3/Prefabs/MiscPrefabs/WindowYR.prefab,1e312df0bbcbee24b84fce910dd731e4,6584,thirdparty_orphan,high,third-party pack file; deleting partial packs may break the pack
Assets/Town Constructor 3/Prefabs/MiscPrefabs/WindowYG.prefab,7b23fb855c8e07c47b46989f6def8ff9,6580,thirdparty_orphan,high,third-party pack file; deleting partial packs may break the pack
Assets/Residential Buildings Pack/Prefabs/SuburbanProps GarbageCans/Trashcan8_LOD.prefab,73377b265e666184e93831593e868b38,6576,thirdparty_orphan,high,third-party pack file; deleting partial packs may break the pack
Assets/Residential Buildings Pack/Prefabs/SuburbanProps GarbageCans/Trashcan4_LOD.prefab,cc2cc374a13f5fb4dad5b89bdc814b6f,6546,thirdparty_orphan,high,third-party pack file; deleting partial packs may break the pack
Assets/PrimitivePlus/Resources/Meshes/PrismHexagon.asset,3529c1369ac5e4a2592153ee18487056,6307,protected,excluded,StreamingAssets/Resources (loaded by path)
Assets/Residential Buildings Pack/Source/Materials/Clean/Walls3_Clean.mat,bfbc98d7d0f703547a7176fad9277901,6266,thirdparty_orphan,high,third-party pack file; deleting partial packs may break the pack
Assets/PrimitivePlus/Resources/Meshes/CubeCornerThin.asset,21aeec0e7399a4ea7aa6adb2a4f37933,6209,protected,excluded,StreamingAssets/Resources (loaded by path)
Assets/PostProcessing/Resources/Shaders/DiskKernels.cginc,faeb738b5a2c3ff43bd104dd5b1a275c,6161,protected,excluded,StreamingAssets/Resources (loaded by path)
Assets/PrimitivePlus/Resources/Meshes/Circle2D.asset,0a2a17f57f4fe42a19580358775b2aa4,6041,protected,excluded,StreamingAssets/Resources (loaded by path)
Assets/PostProcessing/Resources/Shaders/Bloom.shader,4ceb73bc148699b469361531d6062548,5962,protected,excluded,StreamingAssets/Resources (loaded by path)
Assets/ModularProceduralBuildings/Prefabs/Plants/gardem6.prefab,21c88f089188fca23a6370e704942c0f,5909,thirdparty_orphan,high,third-party pack file; deleting partial packs may break the pack
Assets/KrisDevelopment/SharedEditorToolUtilities/ChangeLog.txt,2aa2281628499f744a2348b96f511cdf,5822,thirdparty_orphan,high,third-party pack file; deleting partial packs may break the pack
Assets/ModularProceduralBuildings/Prefabs/Plants/gardem5.prefab,17f8939f77f430e0e8f1ea196999e900,5746,thirdparty_orphan,high,third-party pack file; deleting partial packs may break the pack
Assets/Images/blackCircle.png,7bed1194e146641c09a118ff3984d3a3,5732,orphan,high,not referenced by any scene
Assets/ModularProceduralBuildings/Prefabs/Other/antenna-pole.prefab,e1184c94324bb341f9c60f7214dca3c6,5723,thirdparty_orphan,high,third-party pack file; deleting partial packs may break the pack
Assets/ModularProceduralBuildings/Prefabs/Modular Pieces/Building3/building3.prefab,4fa4af843a54576e586728f7f91b3c42,5701,thirdparty_orphan,high,third-party pack file; deleting partial packs may break the pack
Assets/ModularProceduralBuildings/Prefabs/Modular Pieces/Building7/building7-base.prefab,967aa48ba50911caab93d1aea84654a5,5691,thirdparty_orphan,high,third-party pack file; deleting partial packs may break the pack
Assets/ModularProceduralBuildings/Prefabs/Plants/empty10.prefab,ce0f4bfc41e02d0869d49b040b5c866e,5671,thirdparty_orphan,high,third-party pack file; deleting partial packs may break the pack
Assets/PrimitivePlus/Resources/Meshes/PrismPentagon.asset,44acc1a66f7bd4862a942effe2bcd635,5648,protected,excluded,StreamingAssets/Resources (loaded by path)
Assets/PostProcessing/Resources/Shaders/DepthOfField.shader,ac8ed710934a3564686a096bb351caee,5627,protected,excluded,StreamingAssets/Resources (loaded by path)
Assets/Residential Buildings Pack/Source/Materials/Clean/Walls2_Clean.mat,ccac681541eb28845ac422b4e84b8fc4,5616,thirdparty_orphan,high,third-party pack file; deleting partial packs may break the pack
Assets/Residential Buildings Pack/Source/Materials/Clean/Walls1_Clean.mat,b8d7bac78571cde4bbd4300d6d26b6dd,5585,thirdparty_orphan,high,third-party pack file; deleting partial packs may break the pack
Assets/ModularProceduralBuildings/Prefabs/Modular Pieces/Building5/building5-3.prefab,5ef30400266f0410e9c5afaefb69d6db,5219,thirdparty_orphan,high,third-party pack file; deleting partial packs may break the pack
Assets/KrisDevelopment/EasyRoadsMeshGen_CS/Change Log.txt,6a2d77d3a8d52d34f983fd245a83b9cf,5064,thirdparty_orphan,high,third-party pack file; deleting partial packs may break the pack
Assets/PostProcessing/Resources/Shaders/Common.cginc,eb88496804341c648b32a75843d92ccb,5012,protected,excluded,StreamingAssets/Resources (loaded by path)
Assets/PrimitivePlus/Resources/Meshes/ConeHexagon.asset,cce41387554d348a18b32048c3ca0d9d,4986,protected,excluded,StreamingAssets/Resources (loaded by path)
Assets/PrimitivePlus/Resources/Meshes/Cube.asset,6fb0bfb513572460f942db4a2de09855,4923,protected,excluded,StreamingAssets/Resources (loaded by path)
Assets/APEM_courier_items.csv,09e487483948643878ba7654059296e3,4886,orphan,high,not referenced by any scene
Assets/PrimitivePlus/Resources/Meshes/DiamondThick.asset,ff780ad263d7a4e66a7574d5a01c460c,4883,protected,excluded,StreamingAssets/Resources (loaded by path)
Assets/PrimitivePlus/Resources/Meshes/Diamond.asset,9f14e685e295b44dcbf466508ad0a818,4882,protected,excluded,StreamingAssets/Resources (loaded by path)
Assets/Images/boringasswhitesquare.png,9ff66cf1f8ef14f49a095a9d24ae62f6,4849,orphan,high,not referenced by any scene
Assets/Residential Buildings Pack/Prefabs/Props/Mailbox1.prefab,716626c5368196145bcf4d8f547455bb,4825,thirdparty_orphan,high,third-party pack file; deleting partial packs may break the pack
Assets/Residential Buildings Pack/Prefabs/Props/Mailbox2.prefab,7cf38d7253b73f549ba09c4cc9f943c7,4817,thirdparty_orphan,high,third-party pack file; deleting partial packs may break the pack
Assets/Residential Buildings Pack/Prefabs/Props/Mailbox4.prefab,fa1c75a025ff8ff4c85519d0870e201d,4810,thirdparty_orphan,high,third-party pack file; deleting partial packs may break the pack
Assets/PrimitivePlus/Resources/Meshes/ConePentagon.asset,720ae17bf4ad94298a43bbae8397530f,4614,protected,excluded,StreamingAssets/Resources (loaded by path)
Assets/KrisDevelopment/EasyRoadsMeshGen_CS/Example/ExampleResources/test_texture.png,5be64b77d9e96904db31d6a8f45ef3f9,4503,thirdparty_orphan,high,third-party pack file; deleting partial packs may break the pack
Assets/ModularProceduralBuildings/Demo/Global Volume Profile.asset,8e89970967533213c89017301f6daab9,4409,thirdparty_orphan,high,third-party pack file; deleting partial packs may break the pack
Assets/PrimitivePlus/Resources/Meshes/Wedge.asset,eb6a91434b82e40b9be190d89ae227aa,4391,protected,excluded,StreamingAssets/Resources (loaded by path)
Assets/PrimitivePlus/Resources/Meshes/PrismTriangle.asset,54d3949b3d1d84601ba6be2628095365,4331,protected,excluded,StreamingAssets/Resources (loaded by path)
Assets/PostProcessing/Editor Resources/Monitors/HistogramRender.shader,965efa32cf2345647a1c987546e08f86,4286,thirdparty_orphan,high,third-party pack file; deleting partial packs may break the pack
Assets/PrimitivePlus/Resources/Meshes/Cross2D.asset,fed67a469db8a4b1381ac0ec7fd4bdc6,4195,protected,excluded,StreamingAssets/Resources (loaded by path)
Assets/PrimitivePlus/Resources/Meshes/Pyramid.asset,bbb6a9bd708084b389aad050fa0b6890,4171,protected,excluded,StreamingAssets/Resources (loaded by path)
Assets/PrimitivePlus/Resources/Meshes/PyramidCorner.asset,0ecd64c96ac9a4e64948fb0fb7fbac52,4091,protected,excluded,StreamingAssets/Resources (loaded by path)
Assets/ModularProceduralBuildings/Materials/tree3-branch.mat,5a851c1d9562f8b778e20cb899b442e5,4025,thirdparty_orphan,high,third-party pack file; deleting partial packs may break the pack
Assets/ModularProceduralBuildings/Prefabs/Other/ac-unit2.prefab,660224ceebbde6299a95a7c693befaa8,3905,thirdparty_orphan,high,third-party pack file; deleting partial packs may break the pack
Assets/ModularProceduralBuildings/Materials/New Material 1.mat,b4151d8931c63360fa4e3086578c9dbb,3884,thirdparty_orphan,high,third-party pack file; deleting partial packs may break the pack
Assets/ModularProceduralBuildings/Prefabs/Other/ac-unit1.prefab,e70ae4992e9a85f1689fd13d7dbaa5ca,3873,thirdparty_orphan,high,third-party pack file; deleting partial packs may break the pack
Assets/PostProcessing/Resources/Shaders/Tonemapping.cginc,0a999e641c982a14d9c68dfd53a98afc,3869,protected,excluded,StreamingAssets/Resources (loaded by path)
Assets/ModularProceduralBuildings/Materials/tree3-bark.mat,7280b8e66bda63c89bda151d55f1a3f7,3865,thirdparty_orphan,high,third-party pack file; deleting partial packs may break the pack
Assets/Residential Buildings Pack/Source/Materials/Miscellaneous_2_Emissive.mat,66c619cbfc5a9654f93c19caacc823f2,3846,thirdparty_orphan,high,third-party pack file; deleting partial packs may break the pack
Assets/KrisDevelopment/EasyRoadsMeshGen_CS/Example/ExampleResources/Materials/Asphalt.mat,f8ed935e6d296b44a9eb4d0b9d025a4b,3806,thirdparty_orphan,high,third-party pack file; deleting partial packs may break the pack
Assets/PrimitivePlus/Resources/Meshes/PyramidTri.asset,cf08330276d4b4dd5ad53a826cd7a9cd,3788,protected,excluded,StreamingAssets/Resources (loaded by path)
Assets/PrimitivePlus/Resources/Meshes/CircleHalf2D.asset,538d8fb4ef7b340f49cc60bbd098410c,3774,protected,excluded,StreamingAssets/Resources (loaded by path)
Assets/Materials/Dirt.mat,0782319f08b2b4e8c832b8338f86f9d0,3769,orphan,high,not referenced by any scene
Assets/Residential Buildings Pack/Source/Materials/Props.mat,15794bea9882dae4abd3aea94aca46f1,3768,thirdparty_orphan,high,third-party pack file; deleting partial packs may break the pack
Assets/Residential Buildings Pack/Source/Materials/Props_Off.mat,b8cab273cdf091142b7d0c492ab5846d,3752,thirdparty_orphan,high,third-party pack file; deleting partial packs may break the pack
Assets/PostProcessing/Editor Resources/UI/Trackball.shader,4bf49309c7ab9eb42a86774d2c09b4fa,3736,thirdparty_orphan,high,third-party pack file; deleting partial packs may break the pack
Assets/ModularProceduralBuildings/Materials/building2-base.mat,b08e88e0662e0ed158fdf7d2ee579c26,3712,thirdparty_orphan,high,third-party pack file; deleting partial packs may break the pack
Assets/ModularProceduralBuildings/Materials/ac4.mat,462350877504e5fd49dff99fb06a8668,3701,thirdparty_orphan,high,third-party pack file; deleting partial packs may break the pack
Assets/ModularProceduralBuildings/Materials/building2-top-glass.mat,12c208cf3892013efbb5e756d2e0ad20,3697,thirdparty_orphan,high,third-party pack file; deleting partial packs may break the pack
Assets/KrisDevelopment/EasyRoadsMeshGen_CS/Example/ExampleResources/Materials/sidewalk_uv.mat,85d5fb67d85c2ea4f94b936d6970738a,3694,thirdparty_orphan,high,third-party pack file; deleting partial packs may break the pack
Assets/ModularProceduralBuildings/Materials/building2-glass.mat,6c4d9bd3627408a8ab8e22368f50a0da,3693,thirdparty_orphan,high,third-party pack file; deleting partial packs may break the pack
Assets/ModularProceduralBuildings/Materials/water-tank1.mat,4d8e0bf3c626d05ee82c8b70bcde0dba,3691,thirdparty_orphan,high,third-party pack file; deleting partial packs may break the pack
Assets/ModularProceduralBuildings/Materials/building2-top.mat,45221229e921daf429e1bb17b379faf4,3691,thirdparty_orphan,high,third-party pack file; deleting partial packs may break the pack
Assets/ModularProceduralBuildings/Materials/building2.mat,108a6e4147fb1286a8af5c75ebec1358,3687,thirdparty_orphan,high,third-party pack file; deleting partial packs may break the pack
Assets/Shaders/TSF.shader,44b54c59129572f469a949a22bc08cd0,3665,orphan,high,not referenced by any scene
Assets/KrisDevelopment/EasyRoadsMeshGen_CS/Example/ExampleResources/Materials/sidewalk_texture_seamless 1.mat,c84f7077028f349e683300805998dfb2,3662,thirdparty_orphan,high,third-party pack file; deleting partial packs may break the pack
Assets/ModularProceduralBuildings/Materials/building2-base-glass.mat,0396ad47e4a8110f28c6c5257b3b944d,3605,thirdparty_orphan,high,third-party pack file; deleting partial packs may break the pack
Assets/ModularProceduralBuildings/Materials/fence.mat,c99d2dbaf6fd465a0a199711f5b3ba23,3600,thirdparty_orphan,high,third-party pack file; deleting partial packs may break the pack
Assets/ModularProceduralBuildings/Materials/ac-unit.mat,f8fea86834e2e283fb60bbbd62a62d76,3596,thirdparty_orphan,high,third-party pack file; deleting partial packs may break the pack
Assets/KrisDevelopment/EasyRoadsMeshGen_CS/Example/ExampleResources/Materials/test_texture.mat,ede714c3cb6b3534198aa072f6001a87,3566,thirdparty_orphan,high,third-party pack file; deleting partial packs may break the pack
Assets/PrimitivePlus/Resources/Meshes/Star2D.asset,365ee92bbce574057a51fd809d58217f,3556,protected,excluded,StreamingAssets/Resources (loaded by path)
Assets/Residential Buildings Pack/Source/Materials/Props_Albedo.mat,831fb429dd859374d9e53b6bf8404603,3522,thirdparty_orphan,high,third-party pack file; deleting partial packs may break the pack
Assets/Materials/ground_uniform.mat,c3ec4969b80a94af98fbac481b77a6a6,3516,orphan,high,not referenced by any scene
Assets/NeonShapes/PNG/Materials/GreenCircle 2.mat,3657cbd3de10443f8a456142dd19de34,3500,thirdparty_orphan,high,third-party pack file; deleting partial packs may break the pack
Assets/ModularProceduralBuildings/Prefabs/Plants/tree1.prefab,f08199a37c4ca0bc38181b456ba04851,3441,thirdparty_orphan,high,third-party pack file; deleting partial packs may break the pack
Assets/Materials/template_01.mat,119c65b266a87498f932f177d4b6922c,3439,orphan,high,not referenced by any scene
Assets/PostProcessing/Resources/Shaders/LutGen.shader,d248d4d1588851f43a9fa18a4e6f0209,3437,protected,excluded,StreamingAssets/Resources (loaded by path)
Assets/ModularProceduralBuildings/Prefabs/Plants/tree2.prefab,4830e8a799c68ad6b872119c8c2d4e4d,3436,thirdparty_orphan,high,third-party pack file; deleting partial packs may break the pack
Assets/PostProcessing/Resources/Shaders/AmbientOcclusion.shader,e881ae5627d1cc84395303acfbca6fb2,3433,protected,excluded,StreamingAssets/Resources (loaded by path)
Assets/Materials/Filters/New Material.mat,6642b452122fe43168fee9eb97281a0a,3413,orphan,high,not referenced by any scene
Assets/PostProcessing/Editor Resources/Monitors/HistogramCompute.compute,51b7e4b4448c98f4a849081110fd6212,3267,thirdparty_orphan,high,third-party pack file; deleting partial packs may break the pack
Assets/PostProcessing/Resources/Shaders/GrainGen.shader,11852d1b1b034654bb03e7c8fda28fbf,3183,protected,excluded,StreamingAssets/Resources (loaded by path)
Assets/PrimitivePlus/Resources/Meshes/Hexagon2D.asset,b3bae3656ed4649ef8b66af0cb9cf3b6,3167,protected,excluded,StreamingAssets/Resources (loaded by path)
Assets/KrisDevelopment/EasyRoadsMeshGen_CS/Scripts/Extensions/ArrayExampleResources/Prefabs/road_ramp_nolod.prefab,3606e3861227dd64b933d77875a5f3c7,3121,thirdparty_orphan,high,third-party pack file; deleting partial packs may break the pack
Assets/PostProcessing/Editor Resources/Monitors/VectorscopeRender.shader,1c4298cd35ef7834e892898e49d61ecd,3064,thirdparty_orphan,high,third-party pack file; deleting partial packs may break the pack
Assets/InputManager/Examples/04 - Local Co-Op/Materials/player_one.mat,a4d535f8a2dfe9945bccfceb59767bbe,3057,thirdparty_orphan,high,third-party pack file; deleting partial packs may break the pack
Assets/InputManager/Examples/04 - Local Co-Op/Materials/player_two.mat,2e6cb1e68b0bc7f448be6e96d77c44e1,3057,thirdparty_orphan,high,third-party pack file; deleting partial packs may break the pack
Assets/ModularProceduralBuildings/Prefabs/Plants/plant1.prefab,e20e271d37c6b88af989cfbd53abb060,3020,thirdparty_orphan,high,third-party pack file; deleting partial packs may break the pack
Assets/ModularProceduralBuildings/Prefabs/Plants/plant3.prefab,423ad8a7d169abd808ef91d04a025e1b,3014,thirdparty_orphan,high,third-party pack file; deleting partial packs may break the pack
Assets/Town Constructor 3/Prefabs/Building10/B10_Wall_Corner_Ground_Right.prefab,ddfbd5adbe74a6646ab602cef059df8c,2994,thirdparty_orphan,high,third-party pack file; deleting partial packs may break the pack
Assets/Town Constructor 3/Prefabs/Building10/B10_Wall_Corner_Ground_Left.prefab,7e3c81fdefd745f468d9967e9596237a,2991,thirdparty_orphan,high,third-party pack file; deleting partial packs may break the pack
Assets/Town Constructor 3/Prefabs/Building11/B11_Roof_Flat.prefab,4007ae32e5360ee47b511b9aa2c753cb,2977,thirdparty_orphan,high,third-party pack file; deleting partial packs may break the pack
Assets/Town Constructor 3/Prefabs/Building10/B10_Roof.prefab,c83c1e9e100205248840e6b1b9a02f6f,2973,thirdparty_orphan,high,third-party pack file; deleting partial packs may break the pack
Assets/Town Constructor 3/Prefabs/Shops/ShopGreenHexaCorner_TubeCover.prefab,57d8befdba2082b4d814312f054769aa,2965,thirdparty_orphan,high,third-party pack file; deleting partial packs may break the pack
Assets/Town Constructor 3/Prefabs/Shops/ShopBlueHexaCorner_TubeCover.prefab,fd82b30b38ac1c946b7b3c08c2e7eda2,2964,thirdparty_orphan,high,third-party pack file; deleting partial packs may break the pack
Assets/Town Constructor 3/Prefabs/Building10/B10_Wall_Corner_Window_Right.prefab,904f78da592c3da488dfc766d891beb5,2964,thirdparty_orphan,high,third-party pack file; deleting partial packs may break the pack
Assets/Town Constructor 3/Prefabs/Building10/B10_Wall_Corner_Window_Left.prefab,89f90a1fd80adf0459d73f2a79daf280,2962,thirdparty_orphan,high,third-party pack file; deleting partial packs may break the pack
Assets/Town Constructor 3/Prefabs/Shops/ShopGreenCorner_TubeCover.prefab,29de285a0b0c0b7478c379702b33b435,2961,thirdparty_orphan,high,third-party pack file; deleting partial packs may break the pack
Assets/Town Constructor 3/Prefabs/Shops/ShopBlue_TubeCoverSmall.prefab,f50986be82eac8e40bd5ac4e7b9db15e,2959,thirdparty_orphan,high,third-party pack file; deleting partial packs may break the pack
Assets/Town Constructor 3/Prefabs/Shops/ShopBlueCorner_TubeCover.prefab,0e55d45a9a903414285639e6cc516845,2959,thirdparty_orphan,high,third-party pack file; deleting partial packs may break the pack
Assets/Town Constructor 3/Prefabs/ModularWallStructures/StreetWall_CornerShort.prefab,84581352c13105f47a42730c9e2da91f,2958,thirdparty_orphan,high,third-party pack file; deleting partial packs may break the pack
Assets/Town Constructor 3/Prefabs/ModularWallStructures/StreetWall_CurvedShort.prefab,befee355ba8cbee43b258ff1775e08e6,2958,thirdparty_orphan,high,third-party pack file; deleting partial packs may break the pack
Assets/Town Constructor 3/Prefabs/Shops/ShopYelloCorner_Cover.prefab,debc380b5ec932647a6f1f95febe709c,2957,thirdparty_orphan,high,third-party pack file; deleting partial packs may break the pack
Assets/Town Constructor 3/Prefabs/ModularWallStructures/StreetWall_CornerCurved.prefab,03d76cf6d5fd8f14da04d15ae2eeeae8,2956,thirdparty_orphan,high,third-party pack file; deleting partial packs may break the pack
Assets/Town Constructor 3/Prefabs/Shops/ShopGreen_CoverSmall.prefab,09400d7892095e54ab008ea54bae2ad9,2956,thirdparty_orphan,high,third-party pack file; deleting partial packs may break the pack
Assets/Town Constructor 3/Prefabs/Building10/B10_Wall_Ground_Door.prefab,1a3faa2bf73cc1f4e88e18ff70ea940d,2956,thirdparty_orphan,high,third-party pack file; deleting partial packs may break the pack
Assets/Town Constructor 3/Prefabs/Shops/ShopBrightRed_Cover.prefab,a1ea80c0b33e3f7489aad9dd5b200f18,2955,thirdparty_orphan,high,third-party pack file; deleting partial packs may break the pack
Assets/Town Constructor 3/Prefabs/Shops/ShopGreen_TubeCover.prefab,5b62b69937f1f8a4bb9e99ad070f9550,2955,thirdparty_orphan,high,third-party pack file; deleting partial packs may break the pack
Assets/Town Constructor 3/Prefabs/Shops/ShopBlue_TubeCover.prefab,d318e7f6b9fd8d9469757fe5a583bffb,2954,thirdparty_orphan,high,third-party pack file; deleting partial packs may break the pack
Assets/Town Constructor 3/Prefabs/ModularWallStructures/WallStreatPillar3.prefab,d3517a7bccbf7174885299a9a60e12a2,2953,thirdparty_orphan,high,third-party pack file; deleting partial packs may break the pack
Assets/Town Constructor 3/Prefabs/Shops/ShopGreen_TubeCoverSmall.prefab,4915c4837e83e8548803ab22676f0e31,2953,thirdparty_orphan,high,third-party pack file; deleting partial packs may break the pack
Assets/Town Constructor 3/Prefabs/ModularWallStructures/WallStreatPillar4.prefab,9b16f690ade9a0046945694c06965188,2952,thirdparty_orphan,high,third-party pack file; deleting partial packs may break the pack
Assets/Town Constructor 3/Prefabs/Shops/ShopYellow_Cover.prefab,27f990b85d9cbcf439aff5de33d29495,2952,thirdparty_orphan,high,third-party pack file; deleting partial packs may break the pack
Assets/Town Constructor 3/Prefabs/Building10/B10_Wall_Side_Windows.prefab,780083eca61047744b0d132454782b40,2952,thirdparty_orphan,high,third-party pack file; deleting partial packs may break the pack
Assets/Town Constructor 3/Prefabs/Building10/B10_Wall_Side_Flat.prefab,56da6a364c6bb6947a674288875777e4,2952,thirdparty_orphan,high,third-party pack file; deleting partial packs may break the pack
Assets/Town Constructor 3/Prefabs/ModularWallStructures/HighGassonCorner.prefab,6e6ffb650de005f479b756202e272d6f,2951,thirdparty_orphan,high,third-party pack file; deleting partial packs may break the pack
Assets/Town Constructor 3/Prefabs/Building10/B10_Wall_Windows.prefab,fea2743094dbc2240b963c026f6723d0,2950,thirdparty_orphan,high,third-party pack file; deleting partial packs may break the pack
Assets/Town Constructor 3/Prefabs/RoadTiles/RoadWithGasson.prefab,80253fc552f44224689b80efab3d1989,2950,thirdparty_orphan,high,third-party pack file; deleting partial packs may break the pack
Assets/Town Constructor 3/Prefabs/ModularWallStructures/HighGassonSide.prefab,4e8c114cc7532f94ba47f0629de06f93,2949,thirdparty_orphan,high,third-party pack file; deleting partial packs may break the pack
Assets/Town Constructor 3/Prefabs/Building11/B11_RoofCorner.prefab,a5c4e9fed1e45f742ba9f557b0eb06f7,2949,thirdparty_orphan,high,third-party pack file; deleting partial packs may break the pack
Assets/Town Constructor 3/Prefabs/Building11/B11_WallDoor.prefab,8b30e75fb365be94bbc8ec0c3b1963e0,2947,thirdparty_orphan,high,third-party pack file; deleting partial packs may break the pack
Assets/Town Constructor 3/Prefabs/Building10/B10_Roof_Flat.prefab,b93eb971f9fb71a4fb6d25a6b318bb9e,2947,thirdparty_orphan,high,third-party pack file; deleting partial packs may break the pack
Assets/Town Constructor 3/Prefabs/Building11/B11_WallFlatSide.prefab,c9890abab6792754f86c1992d02e80ae,2946,thirdparty_orphan,high,third-party pack file; deleting partial packs may break the pack
Assets/Town Constructor 3/Prefabs/ModularWallStructures/HighGassonCenter.prefab,31c5a7b5b3932514dbe3d2edcffc2f56,2945,thirdparty_orphan,high,third-party pack file; deleting partial packs may break the pack
Assets/Town Constructor 3/Prefabs/ModularWallStructures/WallLight.prefab,3278449b6aa889c45b0e8605b598325a,2945,thirdparty_orphan,high,third-party pack file; deleting partial packs may break the pack
Assets/Town Constructor 3/Prefabs/Shops/ShopSign6.prefab,e23a250249822ec42bead7dfd84eca42,2944,thirdparty_orphan,high,third-party pack file; deleting partial packs may break the pack
Assets/Town Constructor 3/Prefabs/Shops/ShopSign3.prefab,2e9cd390e57e48e408e8a760f4e615f3,2944,thirdparty_orphan,high,third-party pack file; deleting partial packs may break the pack
Assets/Town Constructor 3/Prefabs/Shops/ShopSign5.prefab,2d1994740badeae45a507df5317217fe,2944,thirdparty_orphan,high,third-party pack file; deleting partial packs may break the pack
Assets/Town Constructor 3/Prefabs/Shops/ShopSign2.prefab,a484182f515058d4fad8f8de64b19271,2944,thirdparty_orphan,high,third-party pack file; deleting partial packs may break the pack
Assets/Town Constructor 3/Prefabs/Shops/ShopSign1.prefab,026b4c5e0ee6753408b280c151ae41d6,2944,thirdparty_orphan,high,third-party pack file; deleting partial packs may break the pack
Assets/Town Constructor 3/Prefabs/Building11/B11_WallWindow.prefab,b12a1dadd4607d74bb8dac5f9b7511c8,2944,thirdparty_orphan,high,third-party pack file; deleting partial packs may break the pack
Assets/Town Constructor 3/Prefabs/Building11/B11_Roof.prefab,d159e8dd14f7abe4b893b077ab6fd8b1,2944,thirdparty_orphan,high,third-party pack file; deleting partial packs may break the pack
Assets/Town Constructor 3/Prefabs/Shops/ShopSign7.prefab,69cbd0b38e839e54fb5d5ea9e4c0a064,2943,thirdparty_orphan,high,third-party pack file; deleting partial packs may break the pack
Assets/Town Constructor 3/Prefabs/Shops/ShopSign4.prefab,fcb83b26f4b0c1c4fa81135ce65384a6,2943,thirdparty_orphan,high,third-party pack file; deleting partial packs may break the pack
Assets/Town Constructor 3/Prefabs/Shops/Shop2.prefab,6b562f18e7aa4034589f8fff635e576d,2942,thirdparty_orphan,high,third-party pack file; deleting partial packs may break the pack
Assets/Town Constructor 3/Prefabs/Building11/B11_WallFlat.prefab,4fd91ca3d4e1e1f43859a8bdb2598ae3,2942,thirdparty_orphan,high,third-party pack file; deleting partial packs may break the pack
Assets/Town Constructor 3/Prefabs/Shops/Shop4.prefab,96f59ba10b011764698f25f5b116d259,2941,thirdparty_orphan,high,third-party pack file; deleting partial packs may break the pack
Assets/Town Constructor 3/Prefabs/Shops/Shop3.prefab,6b5af8db7478d0c4d9a204b62a8924de,2940,thirdparty_orphan,high,third-party pack file; deleting partial packs may break the pack
Assets/Town Constructor 3/Prefabs/Shops/Shop1.prefab,909f780c01a51be42b62f8d29ae9bf70,2940,thirdparty_orphan,high,third-party pack file; deleting partial packs may break the pack
Assets/Residential Buildings Pack/Source/Materials/Road_Asphalt.mat,6ef2b3c7a347ccd4f8db7240333e49ca,2921,thirdparty_orphan,high,third-party pack file; deleting partial packs may break the pack
Assets/PrimitivePlus/Resources/Meshes/Triangle2D.asset,90fbacc1da3884d0d824e3f3c31a253c,2921,protected,excluded,StreamingAssets/Resources (loaded by path)
Assets/ModularProceduralBuildings/Prefabs/Modular Pieces/Building1/building1-window2.prefab,c9c7de709241bf1ab915497e8934e294,2920,thirdparty_orphan,high,third-party pack file; deleting partial packs may break the pack
Assets/ModularProceduralBuildings/Prefabs/Modular Pieces/Building1/building1-window.prefab,72f61ab8401d6a9cfb3bfaa468a848b4,2912,thirdparty_orphan,high,third-party pack file; deleting partial packs may break the pack
Assets/PrimitivePlus/Resources/Meshes/Rhombus2D.asset,d0aeb6b79f08d40219e91d6d7f90401f,2912,protected,excluded,StreamingAssets/Resources (loaded by path)
Assets/ModularProceduralBuildings/Prefabs/Modular Pieces/Building8/building8-balcony2.prefab,9b10174ff6e26af2b8af51d2b5646047,2850,thirdparty_orphan,high,third-party pack file; deleting partial packs may break the pack
Assets/ModularProceduralBuildings/Prefabs/Modular Pieces/Building1/building1-top2.prefab,2face3da6bd5765e8bd3f9b6c5377560,2848,thirdparty_orphan,high,third-party pack file; deleting partial packs may break the pack
Assets/ModularProceduralBuildings/Prefabs/Modular Pieces/Building8/buillding8-windows.prefab,503ee8ab8867445158117c29ccac7f52,2848,thirdparty_orphan,high,third-party pack file; deleting partial packs may break the pack
Assets/ModularProceduralBuildings/Prefabs/Modular Pieces/Building8/building8-entrance.prefab,713f2647e53c96261b467ffeea321eb6,2848,thirdparty_orphan,high,third-party pack file; deleting partial packs may break the pack
Assets/ModularProceduralBuildings/Prefabs/Modular Pieces/Sidewalk1/sidewalk1-middle.prefab,8706d67d67f5fac40a1308e857dd4db7,2848,thirdparty_orphan,high,third-party pack file; deleting partial packs may break the pack
Assets/ModularProceduralBuildings/Prefabs/Modular Pieces/Sidewalk3/sidewalk3-middle.prefab,ef7520da47396d5e5953f5b8dbb14440,2848,thirdparty_orphan,high,third-party pack file; deleting partial packs may break the pack
Assets/ModularProceduralBuildings/Prefabs/Modular Pieces/Building1/building1-top.prefab,436f8b0922268fe48986c54cf06d2fd9,2847,thirdparty_orphan,high,third-party pack file; deleting partial packs may break the pack
Assets/ModularProceduralBuildings/Prefabs/Modular Pieces/Sidewalk3/sidewall3-corner.prefab,1233ccc952338076fbbf55f1bd95567c,2846,thirdparty_orphan,high,third-party pack file; deleting partial packs may break the pack
Assets/ModularProceduralBuildings/Prefabs/Plants/empty-gardem1.prefab,71aef49ecad17f09c874e4da3b07de15,2845,thirdparty_orphan,high,third-party pack file; deleting partial packs may break the pack
Assets/ModularProceduralBuildings/Prefabs/Plants/empty-gardem4.prefab,8eeb6a8f68c6ad67183de1fe01cf7cf1,2845,thirdparty_orphan,high,third-party pack file; deleting partial packs may break the pack
Assets/ModularProceduralBuildings/Prefabs/Plants/empty-gardem5.prefab,262b733fb95a68744aa83424ea209076,2845,thirdparty_orphan,high,third-party pack file; deleting partial packs may break the pack
Assets/ModularProceduralBuildings/Prefabs/Plants/empty-gardem3.prefab,bbbbc518aff2a973bbc9346bd32199d3,2845,thirdparty_orphan,high,third-party pack file; deleting partial packs may break the pack
Assets/ModularProceduralBuildings/Prefabs/Other/building-top1.prefab,60a024580432c1e03847c507be1c61db,2845,thirdparty_orphan,high,third-party pack file; deleting partial packs may break the pack
Assets/ModularProceduralBuildings/Prefabs/Other/building-top2.prefab,a3bbd15d6e8d2a6d08333a2eb3eb0683,2845,thirdparty_orphan,high,third-party pack file; deleting partial packs may break the pack
Assets/ModularProceduralBuildings/Prefabs/Modular Pieces/Sidewalk1/sidewall1-corner.prefab,1fcf06bcf16bb2a829b66aa831d83a96,2844,thirdparty_orphan,high,third-party pack file; deleting partial packs may break the pack
Assets/ModularProceduralBuildings/Prefabs/Plants/empty-gardem2.prefab,003860ec833d78e75a21c73524c38e71,2843,thirdparty_orphan,high,third-party pack file; deleting partial packs may break the pack
Assets/ModularProceduralBuildings/Prefabs/Modular Pieces/Building8/building8-balcony1.prefab,b065af08a7bfb34d291d0393fec7b1e4,2840,thirdparty_orphan,high,third-party pack file; deleting partial packs may break the pack
Assets/ModularProceduralBuildings/Prefabs/Modular Pieces/Sidewalk1/sidewalk1.prefab,cc3243fcb19fad47a9326e9ab1dfc80a,2839,thirdparty_orphan,high,third-party pack file; deleting partial packs may break the pack
Assets/ModularProceduralBuildings/Prefabs/Modular Pieces/Sidewalk3/sidewalk3.prefab,4adf9b500c7e853ba8a549d272762933,2839,thirdparty_orphan,high,third-party pack file; deleting partial packs may break the pack
Assets/ModularProceduralBuildings/Prefabs/Modular Pieces/Building7/building7.prefab,69480471d8eb723178c208aef69bb85e,2837,thirdparty_orphan,high,third-party pack file; deleting partial packs may break the pack
Assets/ModularProceduralBuildings/Prefabs/Modular Pieces/Sidewalk4/sidewalk4-middle.prefab,cc4abb90bcfdc526da4138b07e1960c3,2836,thirdparty_orphan,high,third-party pack file; deleting partial packs may break the pack
Assets/ModularProceduralBuildings/Prefabs/Other/water-tank1.prefab,3d4e79d78a4721882ae8eaf3847cbe90,2836,thirdparty_orphan,high,third-party pack file; deleting partial packs may break the pack
Assets/ModularProceduralBuildings/Prefabs/Other/ac1.prefab,04964765624397816be41131f83f9d14,2835,thirdparty_orphan,high,third-party pack file; deleting partial packs may break the pack
Assets/ModularProceduralBuildings/Prefabs/Modular Pieces/Sidewalk4/sidewalk4.prefab,2bfacfac8652ed350a785df1f09093e6,2834,thirdparty_orphan,high,third-party pack file; deleting partial packs may break the pack
Assets/ModularProceduralBuildings/Prefabs/Other/ac2.prefab,5703537d72897bc97842a530ffee2e1d,2831,thirdparty_orphan,high,third-party pack file; deleting partial packs may break the pack
Assets/Town Constructor 3/Prefabs/Trees/Tree2.prefab,6b982f97c6d667d43a79e1f89fa29f3d,2824,thirdparty_orphan,high,third-party pack file; deleting partial packs may break the pack
Assets/Town Constructor 3/Prefabs/Trees/Tree3.prefab,5bee01ad7b3a0e247a19488266d59ee1,2824,thirdparty_orphan,high,third-party pack file; deleting partial packs may break the pack
Assets/Town Constructor 3/Prefabs/Trees/Tree4.prefab,c50adc088f8540a43a35f0dd6b8b2c72,2823,thirdparty_orphan,high,third-party pack file; deleting partial packs may break the pack
Assets/KrisDevelopment/EasyRoadsMeshGen_CS/Tests/TestResources/Test_ERMeshGenPrefab_Manual.prefab,4be42632a3d59d94cba4c47527edb058,2808,thirdparty_orphan,high,third-party pack file; deleting partial packs may break the pack
Assets/ModularProceduralBuildings/Prefabs/Plants/Bush3.prefab,14842c0d85960e1bab6ccd158eff5115,2780,thirdparty_orphan,high,third-party pack file; deleting partial packs may break the pack
Assets/ModularProceduralBuildings/Prefabs/Plants/Bush1.prefab,69afa0b3312c99d498599ef4fb33e341,2778,thirdparty_orphan,high,third-party pack file; deleting partial packs may break the pack
Assets/ModularProceduralBuildings/Prefabs/Plants/Bush5.prefab,ef2116c5708dd6e60845c855c37c682f,2773,thirdparty_orphan,high,third-party pack file; deleting partial packs may break the pack
Assets/Residential Buildings Pack/Prefabs/Road/Road_Driveway_marking.prefab,bf7253ff87171344a860aa0b26425cc1,2771,thirdparty_orphan,high,third-party pack file; deleting partial packs may break the pack
Assets/Residential Buildings Pack/Prefabs/Props/Lightpost.prefab,c5e4a6b7384cee04aadf324130bbe0b8,2767,thirdparty_orphan,high,third-party pack file; deleting partial packs may break the pack
Assets/Town Constructor 3/Prefabs/Trees/Grass2.prefab,4743833e5ff05c340a3ee045c96bd55d,2743,thirdparty_orphan,high,third-party pack file; deleting partial packs may break the pack
Assets/Town Constructor 3/Prefabs/Trees/Grass.prefab,badca6583b334e745a691f8dd13f1ab1,2743,thirdparty_orphan,high,third-party pack file; deleting partial packs may break the pack
Assets/PostProcessing/Resources/Shaders/MotionBlur.shader,6ab8493603d8f8e408750b81666a95f1,2724,protected,excluded,StreamingAssets/Resources (loaded by path)
Assets/Residential Buildings Pack/Prefabs/Road/Road_Driveway_marking_Double.prefab,51d761aee2984494c9e8ef49711c00d6,2716,thirdparty_orphan,high,third-party pack file; deleting partial packs may break the pack
Assets/Residential Buildings Pack/Prefabs/Road/Road_narrower_right_marking.prefab,ab83f960e48ac154a85616df14f3d66b,2715,thirdparty_orphan,high,third-party pack file; deleting partial packs may break the pack
Assets/Residential Buildings Pack/Prefabs/Road/Road_narrower_left_marking.prefab,5a53cd2ed2bda174d9a3edce6b28b8ad,2714,thirdparty_orphan,high,third-party pack file; deleting partial packs may break the pack
Assets/Residential Buildings Pack/Prefabs/Road/Road_int_3_Marking.prefab,2da96df8b0ab1314382cf320e872ff67,2706,thirdparty_orphan,high,third-party pack file; deleting partial packs may break the pack
Assets/Residential Buildings Pack/Prefabs/Road/Road_int_4_Marking.prefab,2b0a51e0936dc27479a3a5a4ac342b73,2706,thirdparty_orphan,high,third-party pack file; deleting partial packs may break the pack
Assets/Residential Buildings Pack/Prefabs/Road/Road_Turn_Marking.prefab,75bb345381538c34eb5dcd567c8e6cb8,2705,thirdparty_orphan,high,third-party pack file; deleting partial packs may break the pack
Assets/Residential Buildings Pack/Prefabs/Road/Road_Wide_Marking.prefab,58f6ca1d88ff18f4784bea93add1d93b,2705,thirdparty_orphan,high,third-party pack file; deleting partial packs may break the pack
Assets/Residential Buildings Pack/Prefabs/Buildings/Garage_A5-B1.prefab,81e1788ad61a67e4387e1557adcc8fb8,2700,thirdparty_orphan,high,third-party pack file; deleting partial packs may break the pack
Assets/Residential Buildings Pack/Prefabs/Buildings/Garage_B7_D5.prefab,4681c26c2f7e844489ef6dd339c49289,2700,thirdparty_orphan,high,third-party pack file; deleting partial packs may break the pack
Assets/Residential Buildings Pack/Prefabs/Road/Road_Marking.prefab,f4de9305fc96ca142ae3a5b13c07430d,2700,thirdparty_orphan,high,third-party pack file; deleting partial packs may break the pack
Assets/Residential Buildings Pack/Prefabs/Buildings/Garage_A2.prefab,9a89ef0d1f085134fa9449a4bf64a925,2697,thirdparty_orphan,high,third-party pack file; deleting partial packs may break the pack
Assets/Residential Buildings Pack/Prefabs/Buildings/Garage_C5.prefab,97f2fb38df69b7a48ba3b1ae994c35ed,2697,thirdparty_orphan,high,third-party pack file; deleting partial packs may break the pack
Assets/Residential Buildings Pack/Prefabs/Buildings/Garage_E5.prefab,6a53801c9cf81da4b803b733d234b775,2697,thirdparty_orphan,high,third-party pack file; deleting partial packs may break the pack
Assets/Residential Buildings Pack/Prefabs/Buildings/Garage_A7.prefab,e9ba351d11a2ade4a92343cd6fe283c5,2697,thirdparty_orphan,high,third-party pack file; deleting partial packs may break the pack
Assets/Residential Buildings Pack/Prefabs/Buildings/Garage_D3.prefab,08b95a252b8146a4b8de36a60f4acbe1,2697,thirdparty_orphan,high,third-party pack file; deleting partial packs may break the pack
Assets/Residential Buildings Pack/Prefabs/Buildings/Garage_C3.prefab,747a6e82ad86f4947874a02dae24130f,2697,thirdparty_orphan,high,third-party pack file; deleting partial packs may break the pack
Assets/Residential Buildings Pack/Prefabs/Buildings/Garage_A1.prefab,ea570cf0d1afc494085f60ad5e514799,2697,thirdparty_orphan,high,third-party pack file; deleting partial packs may break the pack
Assets/Residential Buildings Pack/Prefabs/Buildings/Garage_B3.prefab,69feb4075920ae64f8910171c54b63f0,2697,thirdparty_orphan,high,third-party pack file; deleting partial packs may break the pack
Assets/Residential Buildings Pack/Prefabs/Buildings/Garage_A6.prefab,e937561b2c1b6d749952d0be02cc1fda,2697,thirdparty_orphan,high,third-party pack file; deleting partial packs may break the pack
Assets/Residential Buildings Pack/Prefabs/Buildings/Garage_B4.prefab,dc5c201f288f1954b9a5d7b4a1f745fe,2697,thirdparty_orphan,high,third-party pack file; deleting partial packs may break the pack
Assets/Residential Buildings Pack/Prefabs/Buildings/Garage_C1.prefab,e6844499258ae5e4492d4425b6c588e4,2697,thirdparty_orphan,high,third-party pack file; deleting partial packs may break the pack
Assets/Residential Buildings Pack/Prefabs/Buildings/Garage_D1.prefab,6240f33756ecf7b4aa1ee068b902f0a3,2697,thirdparty_orphan,high,third-party pack file; deleting partial packs may break the pack
Assets/Residential Buildings Pack/Prefabs/Buildings/Garage_D4.prefab,bf3454d6bc5e2b7458ce80c9924825c2,2697,thirdparty_orphan,high,third-party pack file; deleting partial packs may break the pack
Assets/Residential Buildings Pack/Prefabs/Buildings/Garage_E1.prefab,bd71dc673636aae44aa9746f0e571407,2697,thirdparty_orphan,high,third-party pack file; deleting partial packs may break the pack
Assets/Residential Buildings Pack/Prefabs/Buildings/Garage_B2.prefab,677212f54ba060240b7b9648a6ed0ac8,2697,thirdparty_orphan,high,third-party pack file; deleting partial packs may break the pack
Assets/Residential Buildings Pack/Prefabs/Buildings/Garage_C2.prefab,53db70f1707da82439eb06358b8a69b9,2697,thirdparty_orphan,high,third-party pack file; deleting partial packs may break the pack
Assets/PostProcessing/Resources/Shaders/Fog.shader,2a72fc91cbae3cc4686a6143e8517993,2691,protected,excluded,StreamingAssets/Resources (loaded by path)
Assets/Residential Buildings Pack/Source/Materials/Trashcans.mat,2d67ba26cac2f56458f5c916007dd0c4,2668,thirdparty_orphan,high,third-party pack file; deleting partial packs may break the pack
Assets/Residential Buildings Pack/Prefabs/Road/Road_narrower_right.prefab,c8fe341215e926a4b89e3aaefa769a72,2636,thirdparty_orphan,high,third-party pack file; deleting partial packs may break the pack
Assets/Residential Buildings Pack/Prefabs/Road/Road_narrower_left.prefab,7d919b3532e05b942afeef3752058137,2635,thirdparty_orphan,high,third-party pack file; deleting partial packs may break the pack
Assets/NeonShapes/NeonGreenCircle.prefab,1bcfccf592472944baab9167f5b7218b,2635,thirdparty_orphan,high,third-party pack file; deleting partial packs may break the pack
Assets/Residential Buildings Pack/Prefabs/Road/Road_Driveway.prefab,7411ec8df5394924fb6d0c0aa3a8e11a,2630,thirdparty_orphan,high,third-party pack file; deleting partial packs may break the pack
Assets/Residential Buildings Pack/Prefabs/Road/Road_int_4.prefab,2849dfd0c75568c48abced162a563378,2627,thirdparty_orphan,high,third-party pack file; deleting partial packs may break the pack
Assets/Residential Buildings Pack/Prefabs/Road/Road_int_3.prefab,f5ad252428dd9f34ebd90c790707f9d4,2627,thirdparty_orphan,high,third-party pack file; deleting partial packs may break the pack
Assets/PostProcessing/Resources/Shaders/FXAA.shader,291f0d5b6045f4646847c59b4ce13ac5,2627,protected,excluded,StreamingAssets/Resources (loaded by path)
Assets/Residential Buildings Pack/Prefabs/Road/Road_Wide.prefab,2c8e8722a6725c54e8a3eb4ff4876653,2626,thirdparty_orphan,high,third-party pack file; deleting partial packs may break the pack
Assets/Residential Buildings Pack/Prefabs/Road/Road_Turn.prefab,7b3840671e6584a4f9ba4acf30079f7c,2626,thirdparty_orphan,high,third-party pack file; deleting partial packs may break the pack
Assets/Residential Buildings Pack/Prefabs/Road/Road_End.prefab,a146eabbb4b7ac24584216c2a56fe865,2625,thirdparty_orphan,high,third-party pack file; deleting partial packs may break the pack
Assets/Residential Buildings Pack/Prefabs/Road/Road.prefab,c306fbffd4e5ebf4286bfd8a686394fc,2621,thirdparty_orphan,high,third-party pack file; deleting partial packs may break the pack
Assets/PostProcessing/Resources/Shaders/Bloom.cginc,7d1f4dd94c8e6e940b0730076ea7d6d9,2574,protected,excluded,StreamingAssets/Resources (loaded by path)
Assets/Residential Buildings Pack/Prefabs/Props/Fence2.prefab,8b77b903f295dc148b1c454ca5a856c8,2559,thirdparty_orphan,high,third-party pack file; deleting partial packs may break the pack
Assets/Residential Buildings Pack/Prefabs/Props/Fence1.prefab,52c5a02197d231841a4d953e0bdb3aec,2555,thirdparty_orphan,high,third-party pack file; deleting partial packs may break the pack
Assets/Residential Buildings Pack/Prefabs/Props/Trashcan.prefab,f04afe8362e6d2449a1148dc79318fb2,2553,thirdparty_orphan,high,third-party pack file; deleting partial packs may break the pack
Assets/Residential Buildings Pack/Prefabs/Props/ManholeCover.prefab,f46c34f2a481a5a4e86147fc9c35bcd2,2552,thirdparty_orphan,high,third-party pack file; deleting partial packs may break the pack
Assets/Residential Buildings Pack/Prefabs/Props/Mailbox.prefab,dbea5d80475f19b4eabf4773b884b6aa,2546,thirdparty_orphan,high,third-party pack file; deleting partial packs may break the pack
Assets/Residential Buildings Pack/Source/Materials/Mailboxes.mat,32015b91756dc0349b993acc08b8104c,2543,thirdparty_orphan,high,third-party pack file; deleting partial packs may break the pack
Assets/Residential Buildings Pack/Prefabs/Road/Driveway2.prefab,54bb430911bc3314bb83d7aa1f4b0246,2535,thirdparty_orphan,high,third-party pack file; deleting partial packs may break the pack
Assets/Residential Buildings Pack/Prefabs/Road/Driveway4.prefab,01a4e35ba8f7dca4ab98da4c52a1590d,2535,thirdparty_orphan,high,third-party pack file; deleting partial packs may break the pack
Assets/Residential Buildings Pack/Prefabs/Road/Driveway3.prefab,c5fb928f8d763d6488479f5f708e9b14,2535,thirdparty_orphan,high,third-party pack file; deleting partial packs may break the pack
Assets/PostProcessing/Utilities/CustomMotionTexture/Shaders/CustomMotionVectorTexture.shader,9189229324e2342b8b69f7c1904dceba,2501,thirdparty_orphan,high,third-party pack file; deleting partial packs may break the pack
Assets/Shaders/TSFOutline.shader,76374158b4c4e5744b394e9290aae693,2484,orphan,high,not referenced by any scene
Assets/Residential Buildings Pack/Source/Materials/Plants.mat,12b12b97681c28c4594a720d3e6aa342,2461,thirdparty_orphan,high,third-party pack file; deleting partial packs may break the pack
Assets/Town Constructor 3/Prefabs/Building8/B8B_Wall_Corner_Ground_WindowHalf.prefab,6f6a60a34737fd243b17d019a60dae68,2444,thirdparty_orphan,high,third-party pack file; deleting partial packs may break the pack
Assets/Town Constructor 3/Prefabs/Building8/B8_Wall_Corner_Ground_WindowHalf.prefab,08f9088272baff543b9c17d99ec80a8e,2443,thirdparty_orphan,high,third-party pack file; deleting partial packs may break the pack
Assets/Town Constructor 3/Prefabs/Building8/B8B_Wall_Corner_Ground_Window.prefab,faf2917e3a51d5c4c9442c8e18749fc0,2441,thirdparty_orphan,high,third-party pack file; deleting partial packs may break the pack
Assets/Town Constructor 3/Prefabs/Building8/B8_Wall_Corner_HalfWindow.prefab,5adc1528004ee1740bff7ca3ba35f92e,2437,thirdparty_orphan,high,third-party pack file; deleting partial packs may break the pack
Assets/Town Constructor 3/Prefabs/Building8/B8_Wall_Corner_Ground_Window.prefab,05f7ebc6aced4a34b9802f3e9955af87,2437,thirdparty_orphan,high,third-party pack file; deleting partial packs may break the pack
Assets/Town Constructor 3/Prefabs/Building8/B8B_Wall_Corner_HalfWindow.prefab,545938e50967df74a8e7da1a8de76df6,2437,thirdparty_orphan,high,third-party pack file; deleting partial packs may break the pack
Assets/Town Constructor 3/Prefabs/Building4/B4_Corner_Wall_Window_Long.prefab,1f9a0f00cdcc17d408e2dc0c1e087a85,2437,thirdparty_orphan,high,third-party pack file; deleting partial packs may break the pack
Assets/KrisDevelopment/EasyRoadsMeshGen_CS/Scripts/Extensions/ArrayExampleResources/road_guard_rails/Materials/road_guard_ramp.mat,885fe43b1e1746c4a82df60654f9f7aa,2435,thirdparty_orphan,high,third-party pack file; deleting partial packs may break the pack
Assets/Town Constructor 3/Prefabs/Building3/B3_Wall_FirePlaceTube.prefab,64a7cfe17fae87944a8f45138ec70698,2433,thirdparty_orphan,high,third-party pack file; deleting partial packs may break the pack
Assets/Town Constructor 3/Prefabs/Building2/B2_WallCorner_Window2.prefab,0a5e6b159a56324448659e1dc98bfa4e,2433,thirdparty_orphan,high,third-party pack file; deleting partial packs may break the pack
Assets/Town Constructor 3/Prefabs/Building8/B8_Wall_Corner_Window.prefab,1f29b55a11d7c40498d1d446b6618dfd,2432,thirdparty_orphan,high,third-party pack file; deleting partial packs may break the pack
Assets/Town Constructor 3/Prefabs/Building2/B2_WallCorner_Window3.prefab,8da7be7e330cf434f87a74fd55e81021,2432,thirdparty_orphan,high,third-party pack file; deleting partial packs may break the pack
Assets/Town Constructor 3/Prefabs/Building3/B3_Wall_Side_Short.prefab,1c03fd6835d55324ba4fe394566fd2cf,2431,thirdparty_orphan,high,third-party pack file; deleting partial packs may break the pack
Assets/Town Constructor 3/Prefabs/Building4/B4_Wall_Window_Long.prefab,257ed3e71e252df40a1aca55f819cdd0,2431,thirdparty_orphan,high,third-party pack file; deleting partial packs may break the pack
Assets/Town Constructor 3/Prefabs/Building2/B2_WallCorner_Window.prefab,a52145ef7941d084fbaca624c18e8480,2431,thirdparty_orphan,high,third-party pack file; deleting partial packs may break the pack
Assets/Town Constructor 3/Prefabs/Building4/B4_Corner_Wall_Window.prefab,4f15c4e0635bd414abe55de947c62baf,2430,thirdparty_orphan,high,third-party pack file; deleting partial packs may break the pack
Assets/Town Constructor 3/Prefabs/Building3/B3B_Wall_Window45.prefab,ab55ba0a4b141374582eacb5966e96be,2429,thirdparty_orphan,high,third-party pack file; deleting partial packs may break the pack
Assets/Town Constructor 3/Prefabs/Building4/B4_MetalSeam_Long.prefab,1040f91f27c81d24d9be243820f40f5a,2429,thirdparty_orphan,high,third-party pack file; deleting partial packs may break the pack
Assets/Town Constructor 3/Prefabs/Building6/B6_Wall_Side_Short.prefab,464a06430a6fb5147b1e54ef29f5f6dc,2428,thirdparty_orphan,high,third-party pack file; deleting partial packs may break the pack
Assets/Town Constructor 3/Prefabs/Building8/B8B_Wall_Window.prefab,e79074adef2178e449ed572b47714779,2427,thirdparty_orphan,high,third-party pack file; deleting partial packs may break the pack
Assets/Town Constructor 3/Prefabs/Building3/B3B_Wall_Door_45.prefab,4b3d725b0b915e34ca931312930a044f,2427,thirdparty_orphan,high,third-party pack file; deleting partial packs may break the pack
Assets/Town Constructor 3/Prefabs/Building3/B3_Wall_Door_45.prefab,7c8d35baf362ecc468a612024a4e4f71,2427,thirdparty_orphan,high,third-party pack file; deleting partial packs may break the pack
Assets/Town Constructor 3/Prefabs/Building3/B3_Wall_Window45.prefab,fe4ff71e321be674a8a252e78337399b,2427,thirdparty_orphan,high,third-party pack file; deleting partial packs may break the pack
Assets/Town Constructor 3/Prefabs/Building3/B3B_Seam_Ground.prefab,40c6a3dfd3b858843b168262096eaa41,2427,thirdparty_orphan,high,third-party pack file; deleting partial packs may break the pack
Assets/Town Constructor 3/Prefabs/Building4/B4_DoubleWindow.prefab,4a475aed7a6b71841886cc2885039251,2427,thirdparty_orphan,high,third-party pack file; deleting partial packs may break the pack
Assets/Town Constructor 3/Prefabs/Building2/B2_Wall_Window3.prefab,8fb2c66cf51583f4a8adc005c89ef803,2427,thirdparty_orphan,high,third-party pack file; deleting partial packs may break the pack
Assets/Town Constructor 3/Prefabs/Building6/B6_Seam_Ground.prefab,35551b88f3e09e54ca788b14730f6a8e,2426,thirdparty_orphan,high,third-party pack file; deleting partial packs may break the pack
Assets/Town Constructor 3/Prefabs/Building8/B8_Roof_Corner.prefab,36b836b9ec6d2d34683914b7d7ca0c23,2426,thirdparty_orphan,high,third-party pack file; deleting partial packs may break the pack
Assets/Town Constructor 3/Prefabs/Building8/B8_Wall_Window.prefab,82933763b67647c4c9ee1d87b26569c2,2426,thirdparty_orphan,high,third-party pack file; deleting partial packs may break the pack
Assets/Town Constructor 3/Prefabs/Building3/B3_Seam_Ground.prefab,bb3c2a09710ae844994b7654053abf23,2426,thirdparty_orphan,high,third-party pack file; deleting partial packs may break the pack
Assets/Town Constructor 3/Prefabs/Building3/B3B_Wall_Window.prefab,4c8ba4d6ecaea144fbe6bbe16b75bd86,2426,thirdparty_orphan,high,third-party pack file; deleting partial packs may break the pack
Assets/Town Constructor 3/Prefabs/Building3/B3_Wall_Window.prefab,196a34a993c62284fba82c40645fc4d1,2426,thirdparty_orphan,high,third-party pack file; deleting partial packs may break the pack
Assets/Town Constructor 3/Prefabs/Building2/B2_Wall_Window2.prefab,27dbe97531efb09488e7c125a39a16ed,2426,thirdparty_orphan,high,third-party pack file; deleting partial packs may break the pack
Assets/Town Constructor 3/Prefabs/Building2/B2_Wall_Window.prefab,a6a06e9d9baa835419e7addb33dba355,2426,thirdparty_orphan,high,third-party pack file; deleting partial packs may break the pack
Assets/Town Constructor 3/Prefabs/Building2/B2_Roof_Corner.prefab,dcc34e742b76aa243b3bfa1bc9692988,2426,thirdparty_orphan,high,third-party pack file; deleting partial packs may break the pack
Assets/Town Constructor 3/Prefabs/Building8/B8B_Roof_Corner.prefab,a87e6ed690c860f4c846207cd89178e3,2425,thirdparty_orphan,high,third-party pack file; deleting partial packs may break the pack
Assets/Town Constructor 3/Prefabs/Building8/B8B_Wall_Flat.prefab,8b1e778bb32c7f24d8325f06eb445eab,2425,thirdparty_orphan,high,third-party pack file; deleting partial packs may break the pack
Assets/Town Constructor 3/Prefabs/Building3/B3B_Wall_Door.prefab,0fd18c397aaf3514fafc25c36d40570d,2425,thirdparty_orphan,high,third-party pack file; deleting partial packs may break the pack
Assets/Town Constructor 3/Prefabs/Building4/B4_Roof_Corner.prefab,23a274a1fca0a0844bed09b1ac634b9e,2425,thirdparty_orphan,high,third-party pack file; deleting partial packs may break the pack
Assets/Town Constructor 3/Prefabs/Building4/B4_Seam_Stone.prefab,c6c1ec5ec343f0a46a06870cb7a49c78,2425,thirdparty_orphan,high,third-party pack file; deleting partial packs may break the pack
Assets/Town Constructor 3/Prefabs/Building6/B6_Seam_Short.prefab,9360cd09bf5a07e4da621d9e665e73a9,2424,thirdparty_orphan,high,third-party pack file; deleting partial packs may break the pack
Assets/Town Constructor 3/Prefabs/Building6/B6_Wall_Side.prefab,c44d635fa20ffdc4fad141d2360d2d87,2424,thirdparty_orphan,high,third-party pack file; deleting partial packs may break the pack
Assets/Town Constructor 3/Prefabs/Building6/B6_Wall_Window.prefab,e99985dea4863fb4dbcd74a456a84cd7,2424,thirdparty_orphan,high,third-party pack file; deleting partial packs may break the pack
Assets/Town Constructor 3/Prefabs/Building8/B8B_Wall_Door.prefab,e51f7a2765215304ea0c6668e21c7553,2424,thirdparty_orphan,high,third-party pack file; deleting partial packs may break the pack
Assets/Town Constructor 3/Prefabs/Building8/B8_Roof_Flat.prefab,f5776521bbc008646925991bd0f36881,2424,thirdparty_orphan,high,third-party pack file; deleting partial packs may break the pack
Assets/Town Constructor 3/Prefabs/Building8/B8_Wall_Flat.prefab,a8d58370d53025f4bab9302e6e5cdee6,2424,thirdparty_orphan,high,third-party pack file; deleting partial packs may break the pack
Assets/Town Constructor 3/Prefabs/Building3/B3_Wall_Door.prefab,ef41850f0d1c8444d8b2fd59d5845efe,2424,thirdparty_orphan,high,third-party pack file; deleting partial packs may break the pack
Assets/Town Constructor 3/Prefabs/Building4/B4_Roof_Flat.prefab,31711144356aba94e8b83cf83ad259d4,2424,thirdparty_orphan,high,third-party pack file; deleting partial packs may break the pack
Assets/Town Constructor 3/Prefabs/Building4/B4_Wall_Long.prefab,931ef011ab6471448b2088565e828923,2424,thirdparty_orphan,high,third-party pack file; deleting partial packs may break the pack
Assets/Town Constructor 3/Prefabs/Building4/B4_Wall_Window.prefab,0252655d76550ac4599de241981e003b,2424,thirdparty_orphan,high,third-party pack file; deleting partial packs may break the pack
Assets/Town Constructor 3/Prefabs/Building2/B2_Wall_Door.prefab,64b178c113b882d47a6fa28a23d76ae1,2424,thirdparty_orphan,high,third-party pack file; deleting partial packs may break the pack
Assets/Town Constructor 3/Prefabs/Building6/B6_Wall_Flat.prefab,38e535343d1fdc94a90aade521521b9b,2423,thirdparty_orphan,high,third-party pack file; deleting partial packs may break the pack
Assets/Town Constructor 3/Prefabs/Building6/B6_Roof_Flat.prefab,6857fe5edba151945b010263d5720ea1,2423,thirdparty_orphan,high,third-party pack file; deleting partial packs may break the pack
Assets/Town Constructor 3/Prefabs/Building6/B6_Entrance.prefab,45250f12af4671f49b897ecff149fb56,2423,thirdparty_orphan,high,third-party pack file; deleting partial packs may break the pack
Assets/Town Constructor 3/Prefabs/Building3/B3B_Wall_Flat.prefab,c6baabadc744a3b45a525abc6adb2052,2423,thirdparty_orphan,high,third-party pack file; deleting partial packs may break the pack
Assets/Town Constructor 3/Prefabs/Building3/B3B_Roof_45.prefab,e1f2aab9ecd315c4dbbfbfb61c94f9e8,2423,thirdparty_orphan,high,third-party pack file; deleting partial packs may break the pack
Assets/Town Constructor 3/Prefabs/Building3/B3_Wall_Side.prefab,5aa3db217bca5084a8307ede5cc5922a,2423,thirdparty_orphan,high,third-party pack file; deleting partial packs may break the pack
Assets/Town Constructor 3/Prefabs/Building2/B2_Wall_Flat.prefab,9a247de1c5202c74baff986285da79c0,2423,thirdparty_orphan,high,third-party pack file; deleting partial packs may break the pack
Assets/Town Constructor 3/Prefabs/Building2/B2_Roof_Flat.prefab,cd35d121ec29d44429b9ac6ccf8cd8d1,2423,thirdparty_orphan,high,third-party pack file; deleting partial packs may break the pack
Assets/Town Constructor 3/Prefabs/Building3/B3_Wall_Flat.prefab,630a33391c41013418ded010fba57dd3,2422,thirdparty_orphan,high,third-party pack file; deleting partial packs may break the pack
Assets/Town Constructor 3/Prefabs/Building3/B3_Roof_Flat.prefab,c518b4d0ba88d2944aaa0b945eace244,2421,thirdparty_orphan,high,third-party pack file; deleting partial packs may break the pack
Assets/Town Constructor 3/Prefabs/Building8/B8_Roof.prefab,be4caae46c22a8c49b4e34a58c0b9234,2420,thirdparty_orphan,high,third-party pack file; deleting partial packs may break the pack
Assets/Town Constructor 3/Prefabs/Building3/B3_Roof_45.prefab,0b0b3d1b3fb7f824fb890203f296f565,2420,thirdparty_orphan,high,third-party pack file; deleting partial packs may break the pack
Assets/Town Constructor 3/Prefabs/Building3/B3B_Roof.prefab,bc0bc97c80cff5e448d889cc2dcfdcda,2420,thirdparty_orphan,high,third-party pack file; deleting partial packs may break the pack
Assets/Town Constructor 3/Prefabs/Building3/B3B_Seam.prefab,910b06e0881b17b46b7a8b3d7b978fe7,2420,thirdparty_orphan,high,third-party pack file; deleting partial packs may break the pack
Assets/Town Constructor 3/Prefabs/Building4/B4_Entrance.prefab,88c880a3bf87e404fa8a159179d3f355,2420,thirdparty_orphan,high,third-party pack file; deleting partial packs may break the pack
Assets/Town Constructor 3/Prefabs/Building4/B4_Roof.prefab,48fc3fe2ea443d043ae1e08ba0f55596,2420,thirdparty_orphan,high,third-party pack file; deleting partial packs may break the pack
Assets/Town Constructor 3/Prefabs/Building6/B6_Roof.prefab,faf418420448bab429efbc18a7a32815,2419,thirdparty_orphan,high,third-party pack file; deleting partial packs may break the pack
Assets/Town Constructor 3/Prefabs/Building8/B8B_Roof.prefab,bbef7812c6f23b447a50b3c495e2f049,2419,thirdparty_orphan,high,third-party pack file; deleting partial packs may break the pack
Assets/Town Constructor 3/Prefabs/Building3/B3_Roof.prefab,4a2198a00af6c994f88bdf505c309fb6,2419,thirdparty_orphan,high,third-party pack file; deleting partial packs may break the pack
Assets/Town Constructor 3/Prefabs/Building3/B3_Seam.prefab,a7af02a483f975f4d8fbe59b0082ee69,2419,thirdparty_orphan,high,third-party pack file; deleting partial packs may break the pack
Assets/Town Constructor 3/Prefabs/Building2/B2_OuterWall.prefab,410765228384b5e49adc44722d821c1a,2419,thirdparty_orphan,high,third-party pack file; deleting partial packs may break the pack
Assets/Town Constructor 3/Prefabs/Building6/B6_Seam.prefab,3c05fffd00662c541acd016a329e43f5,2418,thirdparty_orphan,high,third-party pack file; deleting partial packs may break the pack
Assets/Town Constructor 3/Prefabs/Building2/B2_Roof.prefab,596930cf39b59dd4080e8a01c391fca3,2418,thirdparty_orphan,high,third-party pack file; deleting partial packs may break the pack
Assets/Town Constructor 3/Prefabs/Building9/B9_Wall_Corner_Ground_Window.prefab,0d413c1d38f6967419c86547c47161a5,2409,thirdparty_orphan,high,third-party pack file; deleting partial packs may break the pack
Assets/Town Constructor 3/Prefabs/Building7/B7_Wall_Arc_Middle_Bricks.prefab,e0cc39c7a5af02d4b886d09093e183fe,2407,thirdparty_orphan,high,third-party pack file; deleting partial packs may break the pack
Assets/Town Constructor 3/Prefabs/Building1/B1_SeamPillar_Ground_Full.prefab,253400032488f4845b85e00f466c1e22,2407,thirdparty_orphan,high,third-party pack file; deleting partial packs may break the pack
Assets/Town Constructor 3/Prefabs/Building8/B8_Wall_Door.prefab,7454166a770c8844dbd38bb4e801a5a3,2406,thirdparty_orphan,high,third-party pack file; deleting partial packs may break the pack
Assets/Town Constructor 3/Prefabs/RoadTiles/Road_RiverPlatformCorner.prefab,93c13252b8ea0d646a80646b45ed2014,2406,thirdparty_orphan,high,third-party pack file; deleting partial packs may break the pack
Assets/Town Constructor 3/Prefabs/Building1/B1_InnerFloor_LeftRight.prefab,60880a462c94ce44da443d707dd09580,2404,thirdparty_orphan,high,third-party pack file; deleting partial packs may break the pack
Assets/Town Constructor 3/Prefabs/Building7/B7_Roof_LongBricks.prefab,2fbba4b66fc55824dbb839fefe1633e3,2403,thirdparty_orphan,high,third-party pack file; deleting partial packs may break the pack
Assets/Town Constructor 3/Prefabs/Building2/B2B_WallCorner_Window3.prefab,d55983e3d3e0dc54fb2e7587a91333fc,2403,thirdparty_orphan,high,third-party pack file; deleting partial packs may break the pack
Assets/Town Constructor 3/Prefabs/Building2/B2B_WallCorner_Window.prefab,b26177fd757612043a6aa690cdf2788d,2403,thirdparty_orphan,high,third-party pack file; deleting partial packs may break the pack
Assets/Town Constructor 3/Prefabs/Building9/B9_Wall_Corner_Window.prefab,2700fb567ffe27643bcd7e508cb00139,2402,thirdparty_orphan,high,third-party pack file; deleting partial packs may break the pack
Assets/Town Constructor 3/Prefabs/Building9/B9_Wall_Ground_Window.prefab,768f30ff8a4fc9148876d3b2ca30ad15,2402,thirdparty_orphan,high,third-party pack file; deleting partial packs may break the pack
Assets/Town Constructor 3/Prefabs/Building7/B7_Wall_Window_Stone.prefab,b7b00e21890a51c4380d00dbafb0d56f,2402,thirdparty_orphan,high,third-party pack file; deleting partial packs may break the pack
Assets/Town Constructor 3/Prefabs/Building7/B7_Wall_Window_White.prefab,3f1ab5b3c68022b4e914d5df9c5944de,2402,thirdparty_orphan,high,third-party pack file; deleting partial packs may break the pack
Assets/Town Constructor 3/Prefabs/Building7/B7_Wall_Arc_Bricks.prefab,d151c097c8d5bfc4ca0daab19aff2f09,2402,thirdparty_orphan,high,third-party pack file; deleting partial packs may break the pack
Assets/Town Constructor 3/Prefabs/Building7/B7_Wall_Window_Bricks.prefab,e803d4f20e7087848a54cd4eede5b089,2402,thirdparty_orphan,high,third-party pack file; deleting partial packs may break the pack
Assets/Town Constructor 3/Prefabs/Building7/B7_Wall_Arc_Middle.prefab,275e6cc3a813668418d5dd5d0876d8c2,2402,thirdparty_orphan,high,third-party pack file; deleting partial packs may break the pack
Assets/Town Constructor 3/Prefabs/Building1/B1_InnerFloor_LeftSide.prefab,ce8a308f53816d246a480eacc7a028fd,2402,thirdparty_orphan,high,third-party pack file; deleting partial packs may break the pack
Assets/Town Constructor 3/Prefabs/Building1/B1_SeamPillar_Middle.prefab,a32694f3736c48b42b1c2d501086c33b,2402,thirdparty_orphan,high,third-party pack file; deleting partial packs may break the pack
Assets/Town Constructor 3/Prefabs/Building5/B5_Corner_Wall_Window.prefab,ee6e66cdac3460248958e65a32d4461e,2402,thirdparty_orphan,high,third-party pack file; deleting partial packs may break the pack
Assets/Town Constructor 3/Prefabs/Building9/B9_WhiteBricks_Seams.prefab,a379024f6f5408a419c782035c383817,2401,thirdparty_orphan,high,third-party pack file; deleting partial packs may break the pack
Assets/Town Constructor 3/Prefabs/Building7/B7_Wall_Window_Blue.prefab,16fd28a92c82ead418e8b75f8d6f0298,2401,thirdparty_orphan,high,third-party pack file; deleting partial packs may break the pack
Assets/Town Constructor 3/Prefabs/Building1/B1_SeamPillar_Ground.prefab,5a358dec75c76db48920696d8f22218f,2401,thirdparty_orphan,high,third-party pack file; deleting partial packs may break the pack
Assets/Town Constructor 3/Prefabs/Building6/B6_Wall_Side_Window.prefab,5d01d8034d7d3c04882ac2351f292c35,2401,thirdparty_orphan,high,third-party pack file; deleting partial packs may break the pack
Assets/Town Constructor 3/Prefabs/Building2/B2B_WallCorner_Window2.prefab,4b161b488d43ab14f8baf38aa5782b93,2401,thirdparty_orphan,high,third-party pack file; deleting partial packs may break the pack
Assets/Town Constructor 3/Prefabs/Building9/B9_Wall_Ground_Door.prefab,48a06097823fb1e4aadddd17c7b58058,2400,thirdparty_orphan,high,third-party pack file; deleting partial packs may break the pack
Assets/Town Constructor 3/Prefabs/Building7/B7_Wall_Window_Arc.prefab,d286d568f9faba740bf22cca25ef2c24,2400,thirdparty_orphan,high,third-party pack file; deleting partial packs may break the pack
Assets/Town Constructor 3/Prefabs/Building7/B7_Wall_Window_Red.prefab,c9f1adf5e6099c3489e71af250cae59b,2400,thirdparty_orphan,high,third-party pack file; deleting partial packs may break the pack
Assets/Town Constructor 3/Prefabs/Building1/B1_InnerFloorCenter.prefab,2bad63970693e854783fb8cdf195230d,2400,thirdparty_orphan,high,third-party pack file; deleting partial packs may break the pack
Assets/Town Constructor 3/Prefabs/RoadTiles/Road_RiverPlatform.prefab,934d59b5fc0c0444e9d1dbe8ac431313,2400,thirdparty_orphan,high,third-party pack file; deleting partial packs may break the pack
Assets/Town Constructor 3/Prefabs/Building7/B7_Wall_Side_Stone.prefab,7c61fed58236d5241ae60250e5760905,2399,thirdparty_orphan,high,third-party pack file; deleting partial packs may break the pack
Assets/Town Constructor 3/Prefabs/Building1/B1_RoofShortWindow.prefab,60f7bbad1a1632f48ac9718b551f3dd4,2399,thirdparty_orphan,high,third-party pack file; deleting partial packs may break the pack
Assets/Town Constructor 3/Prefabs/Building7/B7_Roof_White.prefab,52ce43d413cef03499710df0279b9f2e,2398,thirdparty_orphan,high,third-party pack file; deleting partial packs may break the pack
Assets/Town Constructor 3/Prefabs/Building7/B7_Roof_Mid_2.prefab,f543b0f9290ba1244abeddd0b6782050,2398,thirdparty_orphan,high,third-party pack file; deleting partial packs may break the pack
Assets/Town Constructor 3/Prefabs/Building1/B1B_CornerWindow.prefab,865454c076c692943861ec91bd1a2a1e,2398,thirdparty_orphan,high,third-party pack file; deleting partial packs may break the pack
Assets/Town Constructor 3/Prefabs/Building1/B1C_CornerWindow.prefab,e87db6c20084a634393fdc6861055a7d,2398,thirdparty_orphan,high,third-party pack file; deleting partial packs may break the pack
Assets/Town Constructor 3/Prefabs/Building1/B1_Corner_Ground.prefab,6ed01bd9af69eca428d69a44c94c13df,2398,thirdparty_orphan,high,third-party pack file; deleting partial packs may break the pack
Assets/Town Constructor 3/Prefabs/Building1/B1_RoofHighWindow.prefab,bc94f9ff477ba4941a525d5ce46c6afd,2398,thirdparty_orphan,high,third-party pack file; deleting partial packs may break the pack
Assets/Town Constructor 3/Prefabs/Building2/B2B_Wall_Window3.prefab,3ccdf915f52dc84449f7096876167b20,2398,thirdparty_orphan,high,third-party pack file; deleting partial packs may break the pack
Assets/Town Constructor 3/Prefabs/Building2/B2B_Wall_Window2.prefab,2d79a4e06cf0c5b42a1b45acf452902e,2398,thirdparty_orphan,high,third-party pack file; deleting partial packs may break the pack
Assets/Town Constructor 3/Prefabs/Building1/B1_RoofHighCorner.prefab,530d0cf733f8f8b46969c33cfbd8c6b6,2397,thirdparty_orphan,high,third-party pack file; deleting partial packs may break the pack
Assets/Town Constructor 3/Prefabs/Building1/B1B_RoofCorner.prefab,e35f99675d96d784ab37a420b38af18c,2397,thirdparty_orphan,high,third-party pack file; deleting partial packs may break the pack
Assets/Town Constructor 3/Prefabs/Building1/B1_WallArcWindow.prefab,c15ab458f24306e4285257dd05e46150,2397,thirdparty_orphan,high,third-party pack file; deleting partial packs may break the pack
Assets/Town Constructor 3/Prefabs/Building2/B2B_Wall_Window.prefab,5a08e7c53ed030844b552307adb02499,2397,thirdparty_orphan,high,third-party pack file; deleting partial packs may break the pack
Assets/Town Constructor 3/Prefabs/Building7/B7_Roof_Mid_1.prefab,3cba6eff2150f5549889c548f560f7c6,2396,thirdparty_orphan,high,third-party pack file; deleting partial packs may break the pack
Assets/Town Constructor 3/Prefabs/Building7/B7_Roof_Bricks.prefab,7dc40d8f0c1672c4b976e767133fe122,2396,thirdparty_orphan,high,third-party pack file; deleting partial packs may break the pack
Assets/Town Constructor 3/Prefabs/Building1/B1C_WallWindow.prefab,d591385f5eeade742963a47a3a2453a9,2396,thirdparty_orphan,high,third-party pack file; deleting partial packs may break the pack
Assets/Town Constructor 3/Prefabs/Building1/B1_RoofShortCorner.prefab,d69a72fc7d666e24bb0ae0881ba98dc9,2396,thirdparty_orphan,high,third-party pack file; deleting partial packs may break the pack
Assets/Town Constructor 3/Prefabs/Building9/B9_Roof_Corner.prefab,320f9621330f45d4e930b17e5cdeec6c,2395,thirdparty_orphan,high,third-party pack file; deleting partial packs may break the pack
Assets/Town Constructor 3/Prefabs/Building1/B1B_WallWindow.prefab,90ddf2b71eabc7f498bfe5912a0bc26a,2395,thirdparty_orphan,high,third-party pack file; deleting partial packs may break the pack
Assets/Town Constructor 3/Prefabs/Building5/B5_Wall_Window.prefab,82c6610177822ed44a4af9f317e0edba,2395,thirdparty_orphan,high,third-party pack file; deleting partial packs may break the pack
Assets/Town Constructor 3/Prefabs/Building5/B5_Roof_Corner.prefab,784d6e47d61504443a80352208a16620,2395,thirdparty_orphan,high,third-party pack file; deleting partial packs may break the pack
Assets/Town Constructor 3/Prefabs/Building5/B5_Wall_Corner.prefab,f48d12d48a8a4ee4ea5ed93e0aed363c,2395,thirdparty_orphan,high,third-party pack file; deleting partial packs may break the pack
Assets/Town Constructor 3/Prefabs/Building2/B2B_Wall_Door.prefab,c3898b0b26fc33c41948be323a89fcdb,2395,thirdparty_orphan,high,third-party pack file; deleting partial packs may break the pack
Assets/Town Constructor 3/Prefabs/Building2/B2B_OuterWall.prefab,c2e6ff95e1586dc44bf3c4c883ca642e,2395,thirdparty_orphan,high,third-party pack file; deleting partial packs may break the pack
Assets/Town Constructor 3/Prefabs/Building2/B2B_Wall_Flat.prefab,5abe2f23f54fbbc4691ae793cd826cfe,2395,thirdparty_orphan,high,third-party pack file; deleting partial packs may break the pack
Assets/Town Constructor 3/Prefabs/Building9/B9_Wall_Window.prefab,d46b7e0e95452894b9e7177f87c6fdea,2394,thirdparty_orphan,high,third-party pack file; deleting partial packs may break the pack
Assets/Town Constructor 3/Prefabs/Building7/B7_Roof_Red.prefab,51c30bfb31d63664993eec8a22a7d3d0,2394,thirdparty_orphan,high,third-party pack file; deleting partial packs may break the pack
Assets/Town Constructor 3/Prefabs/Building1/B1B_WallFlat.prefab,7243dad2e2da74a4b93f05b58abbaf87,2394,thirdparty_orphan,high,third-party pack file; deleting partial packs may break the pack
Assets/Town Constructor 3/Prefabs/Building1/B1_RoofShort.prefab,4ed2276f31266b8439f36b14fb2135ee,2394,thirdparty_orphan,high,third-party pack file; deleting partial packs may break the pack
Assets/Town Constructor 3/Prefabs/Building1/B1B_RoofFlat.prefab,e88fea3b0c79cbb428f27b0250017a5c,2394,thirdparty_orphan,high,third-party pack file; deleting partial packs may break the pack
Assets/Town Constructor 3/Prefabs/RoadTiles/RoadC_Corner.prefab,b458e30642480e3468bf8277ba702fa2,2394,thirdparty_orphan,high,third-party pack file; deleting partial packs may break the pack
Assets/Town Constructor 3/Prefabs/Building7/B7_Entrance.prefab,91e24e464b987e744be3845a0c92a0f3,2393,thirdparty_orphan,high,third-party pack file; deleting partial packs may break the pack
Assets/Town Constructor 3/Prefabs/Building1/B1C_WallFlat.prefab,944907c8f5d105440b27799881a7b3d4,2393,thirdparty_orphan,high,third-party pack file; deleting partial packs may break the pack
Assets/Town Constructor 3/Prefabs/Building1/B1B_WallDoor.prefab,a455db54d90fc244798d2e58922e27c4,2393,thirdparty_orphan,high,third-party pack file; deleting partial packs may break the pack
Assets/Town Constructor 3/Prefabs/Building1/B1_WallDoor.prefab,b0dfe0ba38719144281bbc4450ca2224,2393,thirdparty_orphan,high,third-party pack file; deleting partial packs may break the pack
Assets/Town Constructor 3/Prefabs/Building5/B5_Entrance.prefab,1f49db865a86e9c448cc9bcafa947945,2393,thirdparty_orphan,high,third-party pack file; deleting partial packs may break the pack
Assets/Town Constructor 3/Prefabs/Building5/B5_Roof_Flat.prefab,b64509e27169f684fafe4aacc5c6060c,2393,thirdparty_orphan,high,third-party pack file; deleting partial packs may break the pack
Assets/Town Constructor 3/Prefabs/Building5/B5_Wall_Flat.prefab,e2fc95b925bf4c643aab6f7b24f7d429,2393,thirdparty_orphan,high,third-party pack file; deleting partial packs may break the pack
Assets/Town Constructor 3/Prefabs/RoadTiles/RoadB_Corner.prefab,622b415af6929d54582752128c63bf0e,2393,thirdparty_orphan,high,third-party pack file; deleting partial packs may break the pack
Assets/Town Constructor 3/Prefabs/RoadTiles/RoadB_Cross.prefab,14bfbcceb0f683947a1c6256a2f79d9a,2393,thirdparty_orphan,high,third-party pack file; deleting partial packs may break the pack
Assets/Town Constructor 3/Prefabs/Building7/B7_Wall_Arc.prefab,0318e0b36dde8594b96fb0d027db4025,2392,thirdparty_orphan,high,third-party pack file; deleting partial packs may break the pack
Assets/Town Constructor 3/Prefabs/Building1/B1_RoofHigh.prefab,baa7df535067d6648ba9cfb1e098a948,2392,thirdparty_orphan,high,third-party pack file; deleting partial packs may break the pack
Assets/Town Constructor 3/Prefabs/Building1/B1_WallFlat.prefab,820f385ef27a8fd44a22553ed2fc1f62,2392,thirdparty_orphan,high,third-party pack file; deleting partial packs may break the pack
Assets/Town Constructor 3/Prefabs/Building1/B1C_WallDoor.prefab,58cab481dc269a74a9127e9b336b7940,2392,thirdparty_orphan,high,third-party pack file; deleting partial packs may break the pack
Assets/Town Constructor 3/Prefabs/Building1/B1B_Corner.prefab,3d3b5c8985de59b48b707437e55a1698,2392,thirdparty_orphan,high,third-party pack file; deleting partial packs may break the pack
Assets/Town Constructor 3/Prefabs/RoadTiles/RoadC_Cross.prefab,7ba93e992deafa740a5425419c116925,2392,thirdparty_orphan,high,third-party pack file; deleting partial packs may break the pack
Assets/Town Constructor 3/Prefabs/Building1/B1C_Corner.prefab,ee4550b53cbb2d54cb8b94f27fdf3b88,2391,thirdparty_orphan,high,third-party pack file; deleting partial packs may break the pack
Assets/Town Constructor 3/Prefabs/Building1/B1_Corner.prefab,ee4b368a5dd2ffb4b8beef429538ff02,2391,thirdparty_orphan,high,third-party pack file; deleting partial packs may break the pack
Assets/Town Constructor 3/Prefabs/Building1/B1_RoofFlat.prefab,4f4346c8b834d9944bbc8b9c95000f9a,2391,thirdparty_orphan,high,third-party pack file; deleting partial packs may break the pack
Assets/Town Constructor 3/Prefabs/RoadTiles/Road_Cross.prefab,a100a7be45166b748b2dd3554efeafdf,2391,thirdparty_orphan,high,third-party pack file; deleting partial packs may break the pack
Assets/Town Constructor 3/Prefabs/Building1/B1_WallWindow.prefab,e922147520c82914796a4ffc5cce245e,2390,thirdparty_orphan,high,third-party pack file; deleting partial packs may break the pack
Assets/Town Constructor 3/Prefabs/Building1/B1B_Seam.prefab,8bcc6041d488f9b4ba82ba6af8c9f45d,2390,thirdparty_orphan,high,third-party pack file; deleting partial packs may break the pack
Assets/Town Constructor 3/Prefabs/RoadTiles/RoadB_T.prefab,72715b871510dda43b0a7e83c63a0356,2390,thirdparty_orphan,high,third-party pack file; deleting partial packs may break the pack
Assets/Town Constructor 3/Prefabs/Building1/B1B_Roof.prefab,b4b7693eb2738f141b33c5158c2801e9,2389,thirdparty_orphan,high,third-party pack file; deleting partial packs may break the pack
Assets/Town Constructor 3/Prefabs/RoadTiles/RoadC_T.prefab,4a4fd36aae71d8a4a9ef5b7961c7e34e,2389,thirdparty_orphan,high,third-party pack file; deleting partial packs may break the pack
Assets/Town Constructor 3/Prefabs/Building9/B9_Roof.prefab,7d59aa80ee4bde74582d9e139066b6d4,2388,thirdparty_orphan,high,third-party pack file; deleting partial packs may break the pack
Assets/Town Constructor 3/Prefabs/Building5/B5_Roof.prefab,95156e0d5e769a640abecf51681d1c72,2387,thirdparty_orphan,high,third-party pack file; deleting partial packs may break the pack
Assets/Town Constructor 3/Prefabs/RoadTiles/RoadB.prefab,99d22e2fb16e61e49ab096de5838e399,2386,thirdparty_orphan,high,third-party pack file; deleting partial packs may break the pack
Assets/Town Constructor 3/Prefabs/RoadTiles/RoadC.prefab,c79f54a6f26c6fa4181575b04029d4a9,2386,thirdparty_orphan,high,third-party pack file; deleting partial packs may break the pack
Assets/Town Constructor 3/Prefabs/Building7/B7_Wall_Side_Bricks.prefab,1951d1c6919d2ec4889dd96b462f5b65,2383,thirdparty_orphan,high,third-party pack file; deleting partial packs may break the pack
Assets/Residential Buildings Pack/Demo/DemoSky.mat,85530e86458b05042ae57a1cc9a6860a,2370,thirdparty_orphan,high,third-party pack file; deleting partial packs may break the pack
Assets/ModularProceduralBuildings/Prefabs/Plants/plant2.prefab,2125c8ba355533da7b938d0bc5a7a598,2354,thirdparty_orphan,high,third-party pack file; deleting partial packs may break the pack
Assets/Residential Buildings Pack/Source/Materials/Porchlight_Off.mat,b692396ce9dfc4941bd57d156517e958,2351,thirdparty_orphan,high,third-party pack file; deleting partial packs may break the pack
Assets/Residential Buildings Pack/Source/Materials/Porchlight.mat,061d26450d5bb4a4396e54d4a4074a7d,2347,thirdparty_orphan,high,third-party pack file; deleting partial packs may break the pack
Assets/PostProcessing/Resources/Shaders/EyeHistogram.compute,e213272ad8ff213409a6e13b5c26b4e4,2341,protected,excluded,StreamingAssets/Resources (loaded by path)
Assets/KrisDevelopment/EasyRoadsMeshGen_CS/Example/ExampleResources/ERMG_Rails_ExampleResources/Materials/rails_planks.mat,4f77b6366fe721e4580e6ae2c9b5e181,2318,thirdparty_orphan,high,third-party pack file; deleting partial packs may break the pack
Assets/Residential Buildings Pack/Source/Materials/Road_Side.mat,228d08464836b744180a50f9a8f4f598,2291,thirdparty_orphan,high,third-party pack file; deleting partial packs may break the pack
Assets/Residential Buildings Pack/Source/Materials/Lightpost.mat,a793e6e7339438940a23e645a4518cc6,2291,thirdparty_orphan,high,third-party pack file; deleting partial packs may break the pack
Assets/KrisDevelopment/EasyRoadsMeshGen_CS/Example/ExampleResources/ERMG_Rails_ExampleResources/Materials/rust_seamless.mat,9ec2a3295ef4b054a9051d746dd2f65c,2273,thirdparty_orphan,high,third-party pack file; deleting partial packs may break the pack
Assets/PostProcessing/Utilities/CustomMotionTexture/Materials/DebugMotionVectors.mat,d7daeefbca4f14360bac0e1df1bdacd4,2265,thirdparty_orphan,high,third-party pack file; deleting partial packs may break the pack
Assets/PostProcessing/Editor Resources/Monitors/ParadeRender.shader,5ae1bfc1dd20ac04e8b74aa0f2f12eea,2264,thirdparty_orphan,high,third-party pack file; deleting partial packs may break the pack
Assets/New Universal Render Pipeline Asset 1.asset,1c07a92cdce0442568100536ca143e8f,2263,orphan,high,not referenced by any scene
Assets/PostProcessing/Utilities/CustomMotionTexture/Materials/DebugQuad.mat,3c40c8fdc50a841579d7cb15882ac9d9,2255,thirdparty_orphan,high,third-party pack file; deleting partial packs may break the pack
Assets/New Universal Render Pipeline Asset 1_Renderer.asset,0c0b00789c10b432884f6c4f45fb596d,2250,orphan,high,not referenced by any scene
Assets/InputManager/Examples/Common/Terrain/texture.png,14d1111fb01a874409e1abdf3e583545,2250,thirdparty_orphan,high,third-party pack file; deleting partial packs may break the pack
Assets/Lets see.asset,bd3c8468ef23a47b481fc14e8a1a8559,2234,orphan,high,not referenced by any scene
Assets/Town Constructor 3/Materials/AltSky.mat,97d06281f51b48248ad8123018844bd5,2224,thirdparty_orphan,high,third-party pack file; deleting partial packs may break the pack
Assets/Lets see_Renderer.asset,f7f7f0f09c9c244f5a3049182e896d5f,2221,orphan,high,not referenced by any scene
Assets/PostProcessing/Utilities/CustomMotionTexture/Materials/WheelMotionVectors.mat,055f7217f136349d9b68e82b9e987dae,2208,thirdparty_orphan,high,third-party pack file; deleting partial packs may break the pack
Assets/Town Constructor 3/Materials/SkyBox.mat,908eeaa541c976c4b979f214f8ba4ebb,2205,thirdparty_orphan,high,third-party pack file; deleting partial packs may break the pack
Assets/Plugins/ASimplePlugin.bundle/Contents/_CodeSignature/CodeResources,f49ca32d0a96f4acda8fc1d639a7a4dc,2200,orphan,high,not referenced by any scene
Assets/Plugins/UnityEPLNativePlugin.bundle/Contents/_CodeSignature/CodeResources,ec87a101bcac341ce80d3b38ff88da13,2200,orphan,high,not referenced by any scene
Assets/Residential Buildings Pack/Source/Materials/Glass.mat,06b54739bcf829f41b429f4d039eb49b,2152,thirdparty_orphan,high,third-party pack file; deleting partial packs may break the pack
Assets/Residential Buildings Pack/Prefabs/Props/Plant3.prefab,e594c78fa1acc754ba0189f73887b1e1,2131,thirdparty_orphan,high,third-party pack file; deleting partial packs may break the pack
Assets/Residential Buildings Pack/Prefabs/Props/Plant2.prefab,0892b098e80f4cd43ae0970017357b32,2131,thirdparty_orphan,high,third-party pack file; deleting partial packs may break the pack
Assets/Residential Buildings Pack/Prefabs/Props/Plant1.prefab,fa70be7da44648d479a763b18c75bdcc,2131,thirdparty_orphan,high,third-party pack file; deleting partial packs may break the pack
Assets/Residential Buildings Pack/Prefabs/Props/Plant4.prefab,ca9efbbb5840cff48b86336bdca6ac08,2131,thirdparty_orphan,high,third-party pack file; deleting partial packs may break the pack
Assets/Images/Materials/Concrete.Cast-In-Place.Flat.Polished.Grey.mat,004a58908a29e4755b9cbedf739e9ba6,2084,orphan,high,not referenced by any scene
Assets/PostProcessing/Utilities/CustomMotionTexture/Materials/UVChecker.mat,944463113244f4bf8b05c1757cd838a4,2061,thirdparty_orphan,high,third-party pack file; deleting partial packs may break the pack
Assets/Images/Materials/blackCircle.mat,ac295db9472b24ffb98b9dc33c5902db,2054,orphan,high,not referenced by any scene
Assets/Images/Materials/asphalt.mat,4a40b0d549c9b4895b726fbad1fe52c1,2050,orphan,high,not referenced by any scene
Assets/Images/Materials/grass.mat,57b483065860e4b63927d50052e9fa67,2048,orphan,high,not referenced by any scene
Assets/PostProcessing/Resources/Shaders/TAA.shader,ec6c5af987867f54aa08fba81ee279bd,1978,protected,excluded,StreamingAssets/Resources (loaded by path)
Assets/Plugins/PsiturkPlugin.jslib,6d541d6987485f7418927c858ef10ce9,1954,orphan,high,not referenced by any scene
Assets/InputManager/Examples/Common/Terrain/texture_2.png,407b024fdd3614a41bb3c085e57d60c8,1946,thirdparty_orphan,high,third-party pack file; deleting partial packs may break the pack
Assets/PostProcessing/Editor Resources/Monitors/WaveformRender.shader,8b3e43c50424ab2428a9c172843bc66d,1933,thirdparty_orphan,high,third-party pack file; deleting partial packs may break the pack
Assets/Materials/RotationBackground.mat,0ccd86e3c7be44e78a00acfa17152705,1893,orphan,high,not referenced by any scene
Assets/Town Constructor 3/Skyboxes/Sunny1 Skybox.mat,a2126534b3a11b34e977105bd9e3cc03,1813,thirdparty_orphan,high,third-party pack file; deleting partial packs may break the pack
Assets/Tools/TerrainRotator/DEMO/Scenes/scene_RotationDemoSettings.lighting,672205711a7ee4cc08a4473dfb45e559,1789,orphan,high,not referenced by any scene
Assets/Scenes/New Lighting Settings.lighting,2384de773531c40139b52f38d4aba323,1784,orphan,high,not referenced by any scene
Assets/Scenes/controllerSettings.lighting,d59e4644f1a8442ac8c2c3e45f5e991d,1781,review_nonbuild_scene,review,used only by a non-build scene (MainGame/RouteSimulation/controller)
Assets/Scenes/MainMenuSettings.lighting,91583685cde754562b0a3cdc794d327b,1780,orphan,high,not referenced by any scene
Assets/PostProcessing/Editor Resources/UI/CurveBackground.shader,b1b2bfb2897659e45983f0c3e7dda2c8,1715,thirdparty_orphan,high,third-party pack file; deleting partial packs may break the pack
Assets/PrimitivePlus/Documentation/ReadMe.txt,92153f774de299b4b8d95e3fefdefdd1,1584,thirdparty_orphan,high,third-party pack file; deleting partial packs may break the pack
Assets/PostProcessing/Editor Resources/Monitors/WaveformCompute.compute,9d9b886f7a8fe7b4baf56624c42e3420,1522,thirdparty_orphan,high,third-party pack file; deleting partial packs may break the pack
Assets/Prefabs/Input Manager 3.prefab,63b4a17b4f9cc4b7cadf1889287e4da1,1493,orphan,high,not referenced by any scene
Assets/KrisDevelopment/EasyRoadsMeshGen_CS/Icons/Editor/helper_icon.png,f46373770824da24d97a8ac14f4187ce,1487,editor_only,awareness,"under an Editor/ folder; used by editor tooling, not the build"
Assets/KrisDevelopment/EasyRoadsMeshGen_CS/Scripts/Extensions/Icons/Editor/array_icon.png,94bacc124dac19841a5a234894eba3ac,1447,editor_only,awareness,"under an Editor/ folder; used by editor tooling, not the build"
Assets/PostProcessing/Editor Resources/Monitors/VectorscopeCompute.compute,45de9ff58691e934c9810dc23de2ba50,1431,thirdparty_orphan,high,third-party pack file; deleting partial packs may break the pack
Assets/Plugins/LibUsbDotNet.bundle/Contents/Info.plist,fcbb8b3321e634d0d820f2019084275c,1340,orphan,high,not referenced by any scene
Assets/Plugins/UnityEPLNativePlugin.bundle/Contents/Info.plist,48f95645463a44d1cb6149ea88843ef9,1303,orphan,high,not referenced by any scene
Assets/Plugins/ASimplePlugin.bundle/Contents/Info.plist,e3a8d4432a14e402d9f67e16a5815be7,1296,orphan,high,not referenced by any scene
Assets/KrisDevelopment/EasyRoadsMeshGen_CS/Scripts/Extensions/Icons/Editor/path_icon.png,671b842f7b41f5049a36e601e1caf388,1274,editor_only,awareness,"under an Editor/ folder; used by editor tooling, not the build"
Assets/StreamingAssets/ValueCourier.json,b08f516f9fe32a14797d3ec8d9f7eb9a,1251,protected,excluded,StreamingAssets/Resources (loaded by path)
Assets/StreamingAssets/VCBehOnly.json,ff39dc80c476c4142ae5bbc3e6d3ecb3,1199,protected,excluded,StreamingAssets/Resources (loaded by path)
Assets/KrisDevelopment/EasyRoadsMeshGen_CS/Icons/Editor/vertex_icon.png,1c3484a9d0dd4a04f96ecc3537ebf051,1143,editor_only,awareness,"under an Editor/ folder; used by editor tooling, not the build"
Assets/Tools/TerrainRotator/DEMO/Terrain Assets/Trees Ambient-Occlusion/Materials/scotspinetypea-pine needles.mat,00cdedc1bd1113061100b7a844295342,1102,orphan,high,not referenced by any scene
Assets/InputManager/Addons/XInput/Plugins/XInputDotNetPure_License.txt,ed3e6bf255d74d744a4688ccf8acd059,1094,thirdparty_orphan,high,third-party pack file; deleting partial packs may break the pack
Assets/Tools/TerrainRotator/DEMO/Terrain Assets/Trees Ambient-Occlusion/Materials/scotspinetypea-pinetrunk.mat,25922ec1bd1113061100b7a844295342,1090,orphan,high,not referenced by any scene
Assets/KrisDevelopment/SharedEditorToolUtilities/LICENSE.txt,26a1aef469af5204a90fce9f381f55cc,1079,thirdparty_orphan,high,third-party pack file; deleting partial packs may break the pack
Assets/Tools/TerrainRotator/DEMO/Standard Assets/Terrain Assets/Trees Ambient-Occlusion/Palm/Materials/palmbranch.mat,3186f38ca67e7441e8299da2e169f9f9,1075,orphan,high,not referenced by any scene
Assets/Tools/TerrainRotator/DEMO/Terrain Assets/Bushes/Materials/fern.mat,a5fa1e5bcd110cb2a00086688f962b59,1072,orphan,high,not referenced by any scene
Assets/PostProcessing/Resources/Shaders/UberSecondPass.cginc,b6e42614562a56445ba4b5d90301f06f,1072,protected,excluded,StreamingAssets/Resources (loaded by path)
Assets/InputManager/Examples/Common/GamepadProfiles/Xbox360WirelessMac.asset,bc2d528449cea3348846a770107f9664,1037,thirdparty_orphan,high,third-party pack file; deleting partial packs may break the pack
Assets/InputManager/Examples/Common/GamepadProfiles/Xbox360WirelessLinux.asset,e26d66d8ddc6c564286e06a89f52175f,1037,thirdparty_orphan,high,third-party pack file; deleting partial packs may break the pack
Assets/InputManager/Examples/Common/GamepadProfiles/Xbox360WirelessWindows.asset,1431ac906af056d43873696848c13cdf,1036,thirdparty_orphan,high,third-party pack file; deleting partial packs may break the pack
Assets/Materials/NewBrush.brush,0530a7f46bf08408abb7ba3fb80162ee,1035,orphan,high,not referenced by any scene
Assets/InputManager/Examples/Common/GamepadProfiles/Xbox360WiredLinux.asset,dec4bb38287cd3f44bf9278d161d9b3d,1031,thirdparty_orphan,high,third-party pack file; deleting partial packs may break the pack
Assets/InputManager/Examples/Common/GamepadProfiles/Xbox360WiredMac.asset,7198b88094b524d4fa55e7a2672f52f8,1031,thirdparty_orphan,high,third-party pack file; deleting partial packs may break the pack
Assets/InputManager/Examples/Common/GamepadProfiles/Xbox360WiredWindows.asset,d01e234d7dddcaf4d938a65171ab28a7,1030,thirdparty_orphan,high,third-party pack file; deleting partial packs may break the pack
Assets/Tools/TerrainRotator/DEMO/Standard Assets/Terrain Assets/Trees Ambient-Occlusion/Palm/Materials/palmbark.mat,e5bdb6135a74b444d8cebd065dbf9d08,1026,orphan,high,not referenced by any scene
Assets/InputManager/Examples/Common/GamepadProfiles/Playstation4.asset,c1f6adf6eb9038f41a881abd0ff07904,1016,thirdparty_orphan,high,third-party pack file; deleting partial packs may break the pack
Assets/AGENTS.MD,c7f4078a1e8ab4d619dfe46c6ff30d02,1005,orphan,high,not referenced by any scene
Assets/PostProcessing/Resources/Shaders/Blit.shader,7d89469544dfa214eabdbf37fca76f40,983,protected,excluded,StreamingAssets/Resources (loaded by path)
Assets/KrisDevelopment/EasyRoadsMeshGen_CS/ReadMe.txt,8b12ba200545708408d67b14dfcefddf,926,thirdparty_orphan,high,third-party pack file; deleting partial packs may break the pack
"Assets/Residential Buildings Pack/Source/_TerrainAutoUpgrade/layer_Darkmud_Albedo(15.000,15.000)(0.000,0.000)(0.000,0.000,0.000),0.000,0.000.terrainlayer",f36312fa9c8c6d244bf32521ae529de3,798,thirdparty_orphan,high,third-party pack file; deleting partial packs may break the pack
Assets/KrisDevelopment/EasyRoadsMeshGen_CS/Tests/TestResources/EasyRoadsMeshGen_Test_Resources.asset,9020132d2e5f2274fb54d2a8c55e4470,798,thirdparty_orphan,high,third-party pack file; deleting partial packs may break the pack
"Assets/Residential Buildings Pack/Source/_TerrainAutoUpgrade/layer_Gravel_Albedo(15.000,15.000)(0.000,0.000)(0.000,0.000,0.000),0.000,0.000.terrainlayer",c239b7a7bc7cd0349a47717ec45c47a5,797,thirdparty_orphan,high,third-party pack file; deleting partial packs may break the pack
"Assets/Residential Buildings Pack/Source/_TerrainAutoUpgrade/layer_Grass_Albedo(15.000,15.000)(0.000,0.000)(0.000,0.000,0.000),0.000,0.000.terrainlayer",7f8a7ff8637d71b4b9fab8cb28562f45,796,thirdparty_orphan,high,third-party pack file; deleting partial packs may break the pack
"Assets/Residential Buildings Pack/Source/_TerrainAutoUpgrade/layer_Rocks_Albedo(15.000,15.000)(0.000,0.000)(0.000,0.000,0.000),0.000,0.000.terrainlayer",b720e796c411ce64abe554b3a622e86d,796,thirdparty_orphan,high,third-party pack file; deleting partial packs may break the pack
"Assets/InputManager/Examples/Common/_TerrainAutoUpgrade/layer_texture_2(1.000,1.000)(0.000,0.000)(0.000,0.000,0.000),0.000,0.000.terrainlayer",bbf3271a0a5c489439b7f8324e58c9f8,789,thirdparty_orphan,high,third-party pack file; deleting partial packs may break the pack
"Assets/InputManager/Examples/Common/_TerrainAutoUpgrade/layer_texture(1.000,1.000)(0.000,0.000)(0.000,0.000,0.000),0.000,0.000.terrainlayer",0a9e7cf33cd92684db5ad25669818db3,787,thirdparty_orphan,high,third-party pack file; deleting partial packs may break the pack
Assets/_TerrainAutoUpgrade/layer_Grass (Meadows)3d3aba195e4d26ee.terrainlayer,d0104ffb937d24825aeddb325a652af2,756,thirdparty_orphan,high,third-party pack file; deleting partial packs may break the pack
Assets/_TerrainAutoUpgrade/layer_Rock (Basic)3d3aba195e4d26ee.terrainlayer,0f49b769cb83540c8b324a9d5b7c5852,753,thirdparty_orphan,high,third-party pack file; deleting partial packs may break the pack
Assets/_TerrainAutoUpgrade/layer_Grass&Rock3d3aba195e4d26ee.terrainlayer,fbc3b1f27e27141bf9f9bff42d5e1e2d,751,thirdparty_orphan,high,third-party pack file; deleting partial packs may break the pack
Assets/_TerrainAutoUpgrade/layer_DirtGrass3d3aba195e4d26ee.terrainlayer,d6df667923b4249b599a3e61ebeb23a0,750,thirdparty_orphan,high,third-party pack file; deleting partial packs may break the pack
Assets/PostProcessing/Resources/Shaders/EyeAdaptation.cginc,d2f406cad28afda489b94594fb3ce0af,717,protected,excluded,StreamingAssets/Resources (loaded by path)
Assets/Shaders/DiffuseParticles.shader,49c047ead5edb4d8092a8a062b2468c7,710,orphan,high,not referenced by any scene
Assets/Residential Buildings Pack/SRP_Upgrade/ReadMe.txt,d848365a2aeb102449b839327a8e41c0,696,thirdparty_orphan,high,third-party pack file; deleting partial packs may break the pack
Assets/StreamingAssets/HospitalCourier.json,67a7bed4539d759468bdfb3440f34387,662,protected,excluded,StreamingAssets/Resources (loaded by path)
Assets/KrisDevelopment/EasyRoadsMeshGen_CS/Tests/KrisDevelopment.EasyRoadsMeshGen.Tests.asmdef,4a4fa8f67b8d7df4cb25e645d7ebbcc2,648,thirdparty_orphan,high,third-party pack file; deleting partial packs may break the pack
Assets/Residential Buildings Pack/Readme.txt,10181d95061f00a41a0acf37b80af170,637,thirdparty_orphan,high,third-party pack file; deleting partial packs may break the pack
Assets/KrisDevelopment/SharedEditorToolUtilities/ReadMe.txt,de923875bba2cc943839d6f1f5394ab6,536,thirdparty_orphan,high,third-party pack file; deleting partial packs may break the pack
Assets/InputManager/Addons/UIInputModule/Editor/Resources/ui_input_module_index.xml,418b31e7ec9ed194a9a34e39ea4d357b,531,protected,excluded,StreamingAssets/Resources (loaded by path)
Assets/KrisDevelopment/DistributedInternalUtilities/Icons/Icons.asset,670db9c539c1c9e4c90659e3d6a3b779,524,thirdparty_orphan,high,third-party pack file; deleting partial packs may break the pack
Assets/KrisDevelopment/EasyRoadsMeshGen_CS/Scripts/Editor/KrisDevelopment.EasyRoadsMeshGen.Editor.asmdef,558922102f949e34e916232c31880357,520,editor_only,awareness,"under an Editor/ folder; used by editor tooling, not the build"
Assets/InputManager/Examples/Common/Packages/KennyUI/ui_pack_license.txt,8a5d0cdf3fd530e4aa2356e4086c014f,461,thirdparty_orphan,high,third-party pack file; deleting partial packs may break the pack
Assets/InputManager/Examples/Common/Packages/KennyFonts/license.txt,454011955d9e26144ba4fc457eb86b88,461,thirdparty_orphan,high,third-party pack file; deleting partial packs may break the pack
Assets/InputManager/Examples/Common/Packages/KennyUI/on_screen_controls_license.txt,a15fee3cb4fa31a4f8fb6207eaaba49f,455,thirdparty_orphan,high,third-party pack file; deleting partial packs may break the pack
Assets/InputManager/Examples/03 - Mobile Input/Data/look_horizontal_binding_ref.asset,d81229004e634b24eb8318da0e1cc14f,454,thirdparty_orphan,high,third-party pack file; deleting partial packs may break the pack
Assets/InputManager/Examples/03 - Mobile Input/Data/look_vertical_binding_ref.asset,34dba2ec484559040945b8bf11568ac6,450,thirdparty_orphan,high,third-party pack file; deleting partial packs may break the pack
Assets/InputManager/Source/Editor/Resources/input_editor_arrow_down.png,759855023bc9e434e9f3f50490d814ab,446,protected,excluded,StreamingAssets/Resources (loaded by path)
Assets/InputManager/Examples/03 - Mobile Input/Data/horizontal_binding_ref.asset,8b13b6739a448f54cac04a45c86a21c6,445,thirdparty_orphan,high,third-party pack file; deleting partial packs may break the pack
Assets/KrisDevelopment/EasyRoadsMeshGen_CS/KrisDevelopment.EasyRoadsMeshGen.asmdef,bfcb1edd89c86cd4f8d9e4772bcd0eab,442,thirdparty_orphan,high,third-party pack file; deleting partial packs may break the pack
Assets/InputManager/Examples/03 - Mobile Input/Data/vertical_binding_ref.asset,b948de4eea9f7d74c993960bcfedffdb,441,thirdparty_orphan,high,third-party pack file; deleting partial packs may break the pack
Assets/InputManager/Source/Editor/Resources/input_editor_arrow_up.png,0b9981fa1b2f3294a83e3f09de95a884,440,protected,excluded,StreamingAssets/Resources (loaded by path)
Assets/InputManager/Examples/03 - Mobile Input/Data/jump_binding_ref.asset,1b8a22b921b92e84ba90e9f86318d01d,433,thirdparty_orphan,high,third-party pack file; deleting partial packs may break the pack
Assets/Town Constructor 3/Skyboxes/_skybox info.txt,6d4fd495600cd4cf0b8ad2caf025f94e,409,thirdparty_orphan,high,third-party pack file; deleting partial packs may break the pack
Assets/KrisDevelopment/DistributedInternalUtilities/KrisDevelopment.DistributedInternalUtilities.asmdef,d9c3ff278b39d9646a7cbe5f26fd402b,405,thirdparty_orphan,high,third-party pack file; deleting partial packs may break the pack
Assets/Shaders/UniltTransparentColor.shader,003dc830e3ffa475fbcdb2f2af32731a,382,orphan,high,not referenced by any scene
Assets/KrisDevelopment/SharedEditorToolUtilities/SETUtil_AsmDef.asmdef,b9546d4d49807e94e9908760613aa72e,353,thirdparty_orphan,high,third-party pack file; deleting partial packs may break the pack
Assets/StreamingAssets/config.json,9ffa1f8290e264751ba3fc6d4f90e50e,331,protected,excluded,StreamingAssets/Resources (loaded by path)
Assets/UnityEPL/Scripts/PostHocViewReport.cs.meta~a6e2b490d53899506da84ffeecbac1355b039e76,ff3c28d30ea4d4bda9aa344eba151a26,285,orphan,high,not referenced by any scene
Assets/UnityEPL/Scripts/PostHocViewReport.cs.meta~HEAD,7a756533709774e17a20c217fa8c5f48,285,orphan,high,not referenced by any scene
Assets/Editor/ColliderToFit.cs.meta~HEAD,95c0e261523d8463297edd1e5e1696b9,285,editor_only,awareness,"under an Editor/ folder; used by editor tooling, not the build"
Assets/Editor/ColliderToFit.cs.meta~a6e2b490d53899506da84ffeecbac1355b039e76,46aa8049f3b4a411a9efa70a5d8c09f8,285,editor_only,awareness,"under an Editor/ folder; used by editor tooling, not the build"
Assets/Standard Assets/Effects/ImageEffects/Readme.txt,cb7c1a8482a67664e95e13c16daf3adf,244,thirdparty_orphan,high,third-party pack file; deleting partial packs may break the pack
Assets/UnityEPL/README.txt,d233288bd36fa4dc8af51f268acc8ce6,204,orphan,high,not referenced by any scene
Assets/KrisDevelopment/EasyRoadsMeshGen_CS/Third-Party Notice.txt,716557615c357854891df48fdde9a2e2,188,thirdparty_orphan,high,third-party pack file; deleting partial packs may break the pack
Assets/KrisDevelopment/EasyRoadsMeshGen_CS/~$structions.docx,cca88a27ed50f41b393042f916fa0342,162,thirdparty_orphan,high,third-party pack file; deleting partial packs may break the pack
Assets/Resources/BillingMode.json,0d3f32f39abc6dc4a91ef0e9c4d7341d,29,protected,excluded,StreamingAssets/Resources (loaded by path)
Assets/KrisDevelopment/SharedEditorToolUtilities/Version.txt,4f11a7ffad9cec44b929657369082cf8,7,thirdparty_orphan,high,third-party pack file; deleting partial packs may break the pack
Assets/KrisDevelopment/EasyRoadsMeshGen_CS/Tests/EasyRoadsMeshGenTests.cs,a532ec3f538207b43b9de4a9c6d936a5,8963,script_possibly_unused,low,no scene ref and no name ref in other scripts
Assets/KrisDevelopment/SharedEditorToolUtilities/Base/SETUtil_CompUtil.cs,c7574c0209cc33a4e94643b331847e91,3695,script_possibly_unused,low,no scene ref and no name ref in other scripts
Assets/Scripts/StreamingSlideLoader.cs,ee99f373edb404a0792c4d3ef657eff1,3588,script_possibly_unused,low,no scene ref and no name ref in other scripts
Assets/InputManager/Source/Runtime/ActionReference.cs,d8861ed6e2e981044942216ecde9f8a9,2978,script_possibly_unused,low,no scene ref and no name ref in other scripts
Assets/KrisDevelopment/SharedEditorToolUtilities/Base/SETUtil_MathUtil.cs,084a89b183573f14884e83c58bba34f2,2893,script_possibly_unused,low,no scene ref and no name ref in other scripts
Assets/InputManager/Source/Runtime/DeviceChangeService.cs,4c4a216ee3e20d34d9d160ef52746477,2734,script_possibly_unused,low,no scene ref and no name ref in other scripts
Assets/KrisDevelopment/SharedEditorToolUtilities/Profiling/SETUtil_StopwatchProfiler.cs,16e3c90ec918a7043b964634a29f7e9f,1815,script_possibly_unused,low,no scene ref and no name ref in other scripts
Assets/KrisDevelopment/SharedEditorToolUtilities/Types/SETUtil_SerializableSystemType.cs,5c6050dc54c44af19529969172b5d13a,1552,script_possibly_unused,low,no scene ref and no name ref in other scripts
Assets/KrisDevelopment/SharedEditorToolUtilities/Common/Extend/SETUtil_ArrayExtend.cs,1cfc6b407f8f11548a01c41b2d10b646,1411,script_possibly_unused,low,no scene ref and no name ref in other scripts
Assets/Scripts/WebGLInitializer.cs,de54f22e7bd0645f2b687ef3d0ebc306,1292,script_possibly_unused,low,no scene ref and no name ref in other scripts
Assets/ModularProceduralBuildings/Scripts/SideewalkEditor.cs,a6f5ba98cb5914543a3805d3b4b2f6e2,1041,script_possibly_unused,low,no scene ref and no name ref in other scripts
Assets/UnityEPL/Scripts/UIDataReporter.cs,ab0cb9bf175d14e5783c13f1f3ebf8d1,897,script_possibly_unused,low,no scene ref and no name ref in other scripts
Assets/ModularProceduralBuildings/Scripts/BuildingEditor.cs,d67d7d437b1d646d08e74f1a960672f4,827,script_possibly_unused,low,no scene ref and no name ref in other scripts
Assets/KrisDevelopment/SharedEditorToolUtilities/Common/Extend/SETUtil_EnumExtend.cs,26e2d9eec26664548af471ce2e78a7c0,820,script_possibly_unused,low,no scene ref and no name ref in other scripts
Assets/KrisDevelopment/SharedEditorToolUtilities/Common/Extend/SETUtil_ListExtend.cs,c31d63f586aa46049b56e2786ae576e8,722,script_possibly_unused,low,no scene ref and no name ref in other scripts
Assets/KrisDevelopment/SharedEditorToolUtilities/Common/Extend/SETUtil_HashSetExtend.cs,54e665bc14b658043b0a16ee6e0c1aa6,568,script_possibly_unused,low,no scene ref and no name ref in other scripts
Assets/KrisDevelopment/SharedEditorToolUtilities/Common/Extend/SETUtil_StringExtend.cs,a509460a8c2b0514fbc5238307f7089e,562,script_possibly_unused,low,no scene ref and no name ref in other scripts
Assets/UnityEPL/Scripts/DebugLogHandler.cs,0bf0398ac0f42476681d03e21fa57605,365,script_possibly_unused,low,no scene ref and no name ref in other scripts
Assets/KrisDevelopment/EasyRoadsMeshGen_CS/Example/ExampleCode/FinalizeExample.cs,a6883b5633335fa449820508e9c40039,365,script_possibly_unused,low,no scene ref and no name ref in other scripts
Assets/KrisDevelopment/EasyRoadsMeshGen_CS/Example/ExampleCode/SnapPointToPositionExample.cs,38f77c0feaaeb4545baf9c04b04c624a,355,script_possibly_unused,low,no scene ref and no name ref in other scripts
Assets/NeonShapes/SelfDestroyScript.cs,5e15ce996b6e46a4eb6081d87f7363c6,155,script_possibly_unused,low,no scene ref and no name ref in other scripts
